Rank,Team,Rating,Month,Year
1,England,135,0,1981
2,West Indies,125,0,1981
3,Australia,111,0,1981
4,India,92,0,1981
5,New Zealand,88,0,1981
6,Pakistan,73,0,1981
1,England,135,1,1981
2,West Indies,125,1,1981
3,Australia,113,1,1981
4,New Zealand,101,1,1981
5,India,76,1,1981
6,Pakistan,73,1,1981
1,West Indies,133,2,1981
2,England,129,2,1981
3,Australia,113,2,1981
4,New Zealand,102,2,1981
5,Pakistan,73,2,1981
6,India,72,2,1981
1,West Indies,133,3,1981
2,England,120,3,1981
3,Australia,119,3,1981
4,New Zealand,102,3,1981
5,India,75,3,1981
6,Pakistan,68,3,1981
1,West Indies,134,4,1981
2,England,120,4,1981
3,Australia,119,4,1981
4,New Zealand,102,4,1981
5,India,75,4,1981
6,Pakistan,65,4,1981
1,England,121,5,1981
2,West Indies,118,5,1981
3,Australia,118,5,1981
4,Pakistan,105,5,1981
5,New Zealand,102,5,1981
6,India,74,5,1981
1,West Indies,125,0,1982
2,England,113,0,1982
3,Pakistan,111,0,1982
4,Australia,111,0,1982
5,New Zealand,102,0,1982
6,India,83,0,1982
1,West Indies,131,1,1982
2,Australia,110,1,1982
3,New Zealand,108,1,1982
4,England,106,1,1982
5,Pakistan,101,1,1982
6,India,90,1,1982
1,West Indies,131,2,1982
2,Australia,113,2,1982
3,Pakistan,105,2,1982
4,England,102,2,1982
5,New Zealand,101,2,1982
6,India,90,2,1982
1,West Indies,131,3,1982
2,Australia,113,3,1982
3,England,104,3,1982
4,Pakistan,103,3,1982
5,New Zealand,101,3,1982
6,India,87,3,1982
1,West Indies,131,4,1982
2,Australia,113,4,1982
3,England,109,4,1982
4,New Zealand,101,4,1982
5,Pakistan,100,4,1982
6,India,85,4,1982
1,West Indies,133,5,1982
2,Australia,111,5,1982
3,England,105,5,1982
4,Pakistan,99,5,1982
5,New Zealand,98,5,1982
6,India,86,5,1982
1,West Indies,133,6,1982
2,Australia,111,6,1982
3,England,105,6,1982
4,Pakistan,99,6,1982
5,New Zealand,98,6,1982
6,India,93,6,1982
1,West Indies,133,7,1982
2,Pakistan,108,7,1982
3,Australia,105,7,1982
4,England,105,7,1982
5,India,99,7,1982
6,New Zealand,98,7,1982
7,Sri Lanka,68,7,1982
1,West Indies,133,8,1982
2,Pakistan,111,8,1982
3,Australia,105,8,1982
4,England,105,8,1982
5,New Zealand,98,8,1982
6,India,96,8,1982
7,Sri Lanka,68,8,1982
1,West Indies,133,0,1983
2,Pakistan,109,0,1983
3,Australia,107,0,1983
4,England,105,0,1983
5,India,98,0,1983
6,New Zealand,93,0,1983
7,Sri Lanka,68,0,1983
1,West Indies,133,1,1983
2,Pakistan,111,1,1983
3,New Zealand,110,1,1983
4,Australia,101,1,1983
5,England,99,1,1983
6,India,95,1,1983
7,Sri Lanka,68,1,1983
1,West Indies,133,2,1983
2,Pakistan,111,2,1983
3,New Zealand,108,2,1983
4,Australia,107,2,1983
5,India,95,2,1983
6,England,92,2,1983
7,Sri Lanka,67,2,1983
1,West Indies,129,3,1983
2,Pakistan,111,3,1983
3,New Zealand,110,3,1983
4,Australia,105,3,1983
5,India,99,3,1983
6,England,92,3,1983
7,Sri Lanka,64,3,1983
1,West Indies,129,4,1983
2,Pakistan,111,4,1983
3,New Zealand,108,4,1983
4,Australia,100,4,1983
5,India,99,4,1983
6,England,95,4,1983
7,Sri Lanka,80,4,1983
1,West Indies,122,5,1983
2,India,114,5,1983
3,New Zealand,109,5,1983
4,Pakistan,108,5,1983
5,England,98,5,1983
6,Australia,94,5,1983
7,Sri Lanka,77,5,1983
1,West Indies,122,6,1983
2,India,117,6,1983
3,New Zealand,109,6,1983
4,Pakistan,105,6,1983
5,England,98,6,1983
6,Australia,94,6,1983
7,Sri Lanka,77,6,1983
1,West Indies,122,7,1983
2,India,120,7,1983
3,New Zealand,109,7,1983
4,Pakistan,103,7,1983
5,England,98,7,1983
6,Australia,94,7,1983
7,Sri Lanka,77,7,1983
1,West Indies,130,8,1983
2,India,114,8,1983
3,New Zealand,109,8,1983
4,Pakistan,103,8,1983
5,England,98,8,1983
6,Australia,94,8,1983
7,Sri Lanka,77,8,1983
1,West Indies,132,9,1983
2,India,112,9,1983
3,New Zealand,109,9,1983
4,Pakistan,103,9,1983
5,England,98,9,1983
6,Australia,94,9,1983
7,Sri Lanka,77,9,1983
1,West Indies,137,0,1984
2,India,109,0,1984
3,New Zealand,109,0,1984
4,Pakistan,103,0,1984
5,England,98,0,1984
6,Australia,94,0,1984
7,Sri Lanka,77,0,1984
1,West Indies,137,1,1984
2,India,109,1,1984
3,New Zealand,109,1,1984
4,Australia,101,1,1984
5,England,98,1,1984
6,Pakistan,94,1,1984
7,Sri Lanka,77,1,1984
1,West Indies,134,2,1984
2,India,109,2,1984
3,New Zealand,106,2,1984
4,Australia,103,2,1984
5,England,102,2,1984
6,Pakistan,94,2,1984
7,Sri Lanka,75,2,1984
1,West Indies,132,3,1984
2,India,109,3,1984
3,Australia,105,3,1984
4,New Zealand,104,3,1984
5,England,101,3,1984
6,Pakistan,94,3,1984
7,Sri Lanka,79,3,1984
1,West Indies,134,4,1984
2,India,112,4,1984
3,Australia,104,4,1984
4,New Zealand,104,4,1984
5,England,100,4,1984
6,Pakistan,91,4,1984
7,Sri Lanka,82,4,1984
1,West Indies,131,5,1984
2,India,112,5,1984
3,Australia,104,5,1984
4,New Zealand,104,5,1984
5,England,104,5,1984
6,Pakistan,91,5,1984
7,Sri Lanka,82,5,1984
1,West Indies,133,6,1984
2,India,113,6,1984
3,Australia,105,6,1984
4,England,104,6,1984
5,New Zealand,103,6,1984
6,Pakistan,86,6,1984
7,Sri Lanka,82,6,1984
1,West Indies,133,7,1984
2,India,108,7,1984
3,Australia,108,7,1984
4,England,104,7,1984
5,New Zealand,103,7,1984
6,Pakistan,86,7,1984
7,Sri Lanka,82,7,1984
1,West Indies,133,8,1984
2,Australia,111,8,1984
3,England,104,8,1984
4,India,104,8,1984
5,New Zealand,103,8,1984
6,Pakistan,86,8,1984
7,Sri Lanka,82,8,1984
1,West Indies,133,9,1984
2,Australia,113,9,1984
3,England,104,9,1984
4,New Zealand,98,9,1984
5,India,97,9,1984
6,Pakistan,91,9,1984
7,Sri Lanka,90,9,1984
1,West Indies,133,10,1984
2,Australia,113,10,1984
3,England,104,10,1984
4,New Zealand,97,10,1984
5,India,97,10,1984
6,Pakistan,94,10,1984
7,Sri Lanka,86,10,1984
1,West Indies,134,0,1985
2,Australia,112,0,1985
3,England,110,0,1985
4,Pakistan,97,0,1985
5,New Zealand,94,0,1985
6,India,92,0,1985
7,Sri Lanka,86,0,1985
1,West Indies,140,1,1985
2,England,110,1,1985
3,Australia,108,1,1985
4,New Zealand,99,1,1985
5,Pakistan,92,1,1985
6,India,92,1,1985
7,Sri Lanka,82,1,1985
1,West Indies,139,2,1985
2,Australia,109,2,1985
3,New Zealand,102,2,1985
4,England,101,2,1985
5,India,97,2,1985
6,Pakistan,94,2,1985
7,Sri Lanka,79,2,1985
1,West Indies,138,3,1985
2,India,107,3,1985
3,Australia,107,3,1985
4,New Zealand,98,3,1985
5,Pakistan,96,3,1985
6,England,96,3,1985
7,Sri Lanka,79,3,1985
1,West Indies,138,4,1985
2,Australia,108,4,1985
3,India,107,4,1985
4,New Zealand,97,4,1985
5,Pakistan,96,4,1985
6,England,94,4,1985
7,Sri Lanka,79,4,1985
1,West Indies,138,5,1985
2,Australia,109,5,1985
3,India,107,5,1985
4,New Zealand,97,5,1985
5,Pakistan,96,5,1985
6,England,93,5,1985
7,Sri Lanka,79,5,1985
1,West Indies,141,6,1985
2,Australia,111,6,1985
3,India,105,6,1985
4,Pakistan,95,6,1985
5,England,94,6,1985
6,New Zealand,93,6,1985
7,Sri Lanka,80,6,1985
1,West Indies,141,7,1985
2,Australia,111,7,1985
3,India,102,7,1985
4,Pakistan,95,7,1985
5,England,94,7,1985
6,New Zealand,93,7,1985
7,Sri Lanka,84,7,1985
1,West Indies,141,8,1985
2,Australia,111,8,1985
3,India,102,8,1985
4,Pakistan,98,8,1985
5,England,94,8,1985
6,New Zealand,93,8,1985
7,Sri Lanka,81,8,1985
1,West Indies,141,9,1985
2,Australia,111,9,1985
3,Pakistan,103,9,1985
4,India,102,9,1985
5,England,94,9,1985
6,New Zealand,93,9,1985
7,Sri Lanka,76,9,1985
1,West Indies,139,10,1985
2,Australia,111,10,1985
3,Pakistan,107,10,1985
4,India,98,10,1985
5,England,94,10,1985
6,New Zealand,93,10,1985
7,Sri Lanka,76,10,1985
1,West Indies,137,0,1986
2,Australia,111,0,1986
3,Pakistan,109,0,1986
4,India,101,0,1986
5,England,94,0,1986
6,New Zealand,90,0,1986
7,Sri Lanka,76,0,1986
1,West Indies,137,1,1986
2,Australia,111,1,1986
3,Pakistan,109,1,1986
4,India,100,1,1986
5,England,94,1,1986
6,New Zealand,91,1,1986
7,Sri Lanka,76,1,1986
1,West Indies,138,2,1986
2,Australia,114,2,1986
3,Pakistan,110,2,1986
4,India,97,2,1986
5,England,93,2,1986
6,New Zealand,91,2,1986
7,Sri Lanka,75,2,1986
1,West Indies,136,3,1986
2,Pakistan,111,3,1986
3,Australia,111,3,1986
4,England,98,3,1986
5,India,97,3,1986
6,New Zealand,95,3,1986
7,Sri Lanka,72,3,1986
1,West Indies,136,4,1986
2,Pakistan,113,4,1986
3,Australia,110,4,1986
4,India,100,4,1986
5,England,95,4,1986
6,New Zealand,91,4,1986
7,Sri Lanka,75,4,1986
1,West Indies,136,5,1986
2,Pakistan,113,5,1986
3,Australia,110,5,1986
4,India,98,5,1986
5,England,95,5,1986
6,New Zealand,93,5,1986
7,Sri Lanka,75,5,1986
1,West Indies,134,6,1986
2,Pakistan,120,6,1986
3,Australia,109,6,1986
4,India,97,6,1986
5,England,96,6,1986
6,New Zealand,91,6,1986
7,Sri Lanka,73,6,1986
1,West Indies,134,7,1986
2,Pakistan,120,7,1986
3,Australia,106,7,1986
4,India,100,7,1986
5,England,96,7,1986
6,New Zealand,91,7,1986
7,Sri Lanka,73,7,1986
1,West Indies,134,8,1986
2,Pakistan,120,8,1986
3,Australia,105,8,1986
4,India,100,8,1986
5,England,96,8,1986
6,New Zealand,91,8,1986
7,Sri Lanka,73,8,1986
1,West Indies,139,9,1986
2,Pakistan,117,9,1986
3,Australia,105,9,1986
4,India,101,9,1986
5,England,96,9,1986
6,New Zealand,91,9,1986
7,Sri Lanka,73,9,1986
1,West Indies,140,10,1986
2,Pakistan,117,10,1986
3,Australia,105,10,1986
4,India,101,10,1986
5,England,96,10,1986
6,New Zealand,91,10,1986
7,Sri Lanka,70,10,1986
1,West Indies,137,0,1987
2,Pakistan,121,0,1987
3,Australia,103,0,1987
4,England,101,0,1987
5,India,97,0,1987
6,New Zealand,91,0,1987
7,Sri Lanka,75,0,1987
1,West Indies,130,1,1987
2,Pakistan,119,1,1987
3,England,114,1,1987
4,Australia,107,1,1987
5,India,99,1,1987
6,New Zealand,91,1,1987
7,Sri Lanka,69,1,1987
1,West Indies,126,2,1987
2,England,121,2,1987
3,Pakistan,120,2,1987
4,Australia,107,2,1987
5,India,98,2,1987
6,New Zealand,91,2,1987
7,Sri Lanka,69,2,1987
1,West Indies,127,3,1987
2,Pakistan,120,3,1987
3,England,118,3,1987
4,Australia,107,3,1987
5,India,100,3,1987
6,New Zealand,89,3,1987
7,Sri Lanka,69,3,1987
1,West Indies,127,4,1987
2,England,123,4,1987
3,Pakistan,120,4,1987
4,Australia,104,4,1987
5,India,100,4,1987
6,New Zealand,89,4,1987
7,Sri Lanka,69,4,1987
1,England,130,5,1987
2,West Indies,123,5,1987
3,Pakistan,121,5,1987
4,Australia,102,5,1987
5,India,100,5,1987
6,New Zealand,87,5,1987
7,Sri Lanka,67,5,1987
1,England,130,6,1987
2,West Indies,123,6,1987
3,Pakistan,122,6,1987
4,Australia,102,6,1987
5,India,100,6,1987
6,New Zealand,87,6,1987
7,Sri Lanka,66,6,1987
1,England,130,7,1987
2,Pakistan,124,7,1987
3,West Indies,120,7,1987
4,Australia,107,7,1987
5,India,103,7,1987
6,New Zealand,76,7,1987
7,Sri Lanka,62,7,1987
1,England,133,8,1987
2,West Indies,121,8,1987
3,Pakistan,120,8,1987
4,Australia,110,8,1987
5,India,101,8,1987
6,New Zealand,76,8,1987
7,Sri Lanka,62,8,1987
1,England,133,0,1988
2,Pakistan,120,0,1988
3,West Indies,120,0,1988
4,Australia,110,0,1988
5,India,103,0,1988
6,New Zealand,76,0,1988
7,Sri Lanka,62,0,1988
1,England,130,1,1988
2,West Indies,124,1,1988
3,Pakistan,120,1,1988
4,Australia,113,1,1988
5,India,98,1,1988
6,New Zealand,77,1,1988
7,Sri Lanka,59,1,1988
1,England,130,2,1988
2,West Indies,124,2,1988
3,Pakistan,120,2,1988
4,Australia,113,2,1988
5,India,98,2,1988
6,New Zealand,77,2,1988
7,Sri Lanka,59,2,1988
1,West Indies,130,3,1988
2,England,125,3,1988
3,Pakistan,114,3,1988
4,Australia,113,3,1988
5,India,100,3,1988
6,New Zealand,83,3,1988
7,Sri Lanka,57,3,1988
1,West Indies,129,4,1988
2,England,127,4,1988
3,Pakistan,114,4,1988
4,Australia,113,4,1988
5,India,100,4,1988
6,New Zealand,83,4,1988
7,Sri Lanka,57,4,1988
1,England,131,5,1988
2,West Indies,127,5,1988
3,Australia,116,5,1988
4,Pakistan,110,5,1988
5,India,102,5,1988
6,New Zealand,81,5,1988
7,Sri Lanka,54,5,1988
1,England,132,6,1988
2,West Indies,127,6,1988
3,Australia,116,6,1988
4,Pakistan,110,6,1988
5,India,102,6,1988
6,New Zealand,81,6,1988
7,Sri Lanka,53,6,1988
1,England,132,7,1988
2,West Indies,127,7,1988
3,Australia,113,7,1988
4,Pakistan,113,7,1988
5,India,102,7,1988
6,New Zealand,81,7,1988
7,Sri Lanka,53,7,1988
1,England,132,8,1988
2,West Indies,124,8,1988
3,Australia,113,8,1988
4,Pakistan,109,8,1988
5,India,101,8,1988
6,New Zealand,81,8,1988
7,Sri Lanka,63,8,1988
1,England,132,9,1988
2,West Indies,125,9,1988
3,Australia,113,9,1988
4,Pakistan,108,9,1988
5,India,101,9,1988
6,New Zealand,81,9,1988
7,Sri Lanka,63,9,1988
1,England,132,0,1989
2,West Indies,130,0,1989
3,Australia,112,0,1989
4,India,105,0,1989
5,Pakistan,104,0,1989
6,New Zealand,75,0,1989
7,Sri Lanka,63,0,1989
1,England,132,1,1989
2,West Indies,125,1,1989
3,Australia,117,1,1989
4,India,105,1,1989
5,Pakistan,103,1,1989
6,New Zealand,79,1,1989
7,Sri Lanka,63,1,1989
1,England,132,2,1989
2,West Indies,125,2,1989
3,Australia,117,2,1989
4,India,105,2,1989
5,Pakistan,101,2,1989
6,New Zealand,83,2,1989
7,Sri Lanka,63,2,1989
1,England,134,3,1989
2,West Indies,128,3,1989
3,Australia,116,3,1989
4,India,101,3,1989
5,Pakistan,99,3,1989
6,New Zealand,87,3,1989
7,Sri Lanka,62,3,1989
1,West Indies,129,4,1989
2,England,127,4,1989
3,Australia,123,4,1989
4,India,100,4,1989
5,Pakistan,93,4,1989
6,New Zealand,88,4,1989
7,Sri Lanka,63,4,1989
1,West Indies,130,5,1989
2,England,127,5,1989
3,Australia,123,5,1989
4,India,99,5,1989
5,Pakistan,93,5,1989
6,New Zealand,88,5,1989
7,Sri Lanka,63,5,1989
1,West Indies,119,6,1989
2,England,119,6,1989
3,Australia,116,6,1989
4,Pakistan,112,6,1989
5,India,101,6,1989
6,New Zealand,88,6,1989
7,Sri Lanka,67,6,1989
1,West Indies,119,7,1989
2,England,119,7,1989
3,Australia,116,7,1989
4,Pakistan,113,7,1989
5,India,99,7,1989
6,New Zealand,88,7,1989
7,Sri Lanka,67,7,1989
1,Australia,119,0,1990
2,West Indies,119,0,1990
3,England,119,0,1990
4,Pakistan,110,0,1990
5,India,98,0,1990
6,New Zealand,88,0,1990
7,Sri Lanka,71,0,1990
1,Australia,120,1,1990
2,West Indies,119,1,1990
3,England,119,1,1990
4,Pakistan,111,1,1990
5,India,98,1,1990
6,New Zealand,88,1,1990
7,Sri Lanka,70,1,1990
1,Australia,120,2,1990
2,West Indies,119,2,1990
3,England,119,2,1990
4,Pakistan,111,2,1990
5,India,96,2,1990
6,New Zealand,92,2,1990
7,Sri Lanka,68,2,1990
1,West Indies,124,3,1990
2,Australia,123,3,1990
3,Pakistan,111,3,1990
4,England,109,3,1990
5,India,96,3,1990
6,New Zealand,86,3,1990
7,Sri Lanka,68,3,1990
1,Australia,124,4,1990
2,West Indies,124,4,1990
3,Pakistan,112,4,1990
4,England,109,4,1990
5,India,92,4,1990
6,New Zealand,85,4,1990
7,Sri Lanka,71,4,1990
1,West Indies,124,5,1990
2,Australia,122,5,1990
3,Pakistan,114,5,1990
4,England,104,5,1990
5,India,94,5,1990
6,New Zealand,87,5,1990
7,Sri Lanka,71,5,1990
1,Australia,122,6,1990
2,West Indies,121,6,1990
3,Pakistan,117,6,1990
4,India,95,6,1990
5,England,89,6,1990
6,New Zealand,88,6,1990
7,Sri Lanka,76,6,1990
1,Australia,122,7,1990
2,West Indies,121,7,1990
3,Pakistan,118,7,1990
4,India,95,7,1990
5,England,89,7,1990
6,New Zealand,86,7,1990
7,Sri Lanka,76,7,1990
1,Pakistan,124,8,1990
2,Australia,122,8,1990
3,West Indies,114,8,1990
4,India,95,8,1990
5,New Zealand,86,8,1990
6,England,84,8,1990
7,Sri Lanka,76,8,1990
1,Pakistan,122,0,1991
2,Australia,121,0,1991
3,West Indies,114,0,1991
4,India,91,0,1991
5,New Zealand,87,0,1991
6,England,85,0,1991
7,Sri Lanka,85,0,1991
1,Australia,123,1,1991
2,Pakistan,122,1,1991
3,West Indies,114,1,1991
4,India,93,1,1991
5,New Zealand,91,1,1991
6,England,84,1,1991
7,Sri Lanka,77,1,1991
1,Australia,125,2,1991
2,Pakistan,122,2,1991
3,West Indies,110,2,1991
4,India,93,2,1991
5,New Zealand,92,2,1991
6,England,82,2,1991
7,Sri Lanka,77,2,1991
1,Australia,126,3,1991
2,Pakistan,122,3,1991
3,West Indies,107,3,1991
4,India,93,3,1991
5,New Zealand,92,3,1991
6,England,86,3,1991
7,Sri Lanka,77,3,1991
1,Pakistan,131,4,1991
2,Australia,127,4,1991
3,New Zealand,92,4,1991
4,India,91,4,1991
5,West Indies,90,4,1991
6,England,90,4,1991
7,Sri Lanka,77,4,1991
1,Australia,127,5,1991
2,Pakistan,125,5,1991
3,West Indies,97,5,1991
4,New Zealand,92,5,1991
5,India,91,5,1991
6,England,90,5,1991
7,Sri Lanka,77,5,1991
1,Australia,127,6,1991
2,Pakistan,125,6,1991
3,India,104,6,1991
4,New Zealand,92,6,1991
5,England,90,6,1991
6,West Indies,89,6,1991
7,Sri Lanka,77,6,1991
8,South Africa,51,6,1991
1,Australia,127,7,1991
2,Pakistan,116,7,1991
3,India,100,7,1991
4,West Indies,99,7,1991
5,New Zealand,92,7,1991
6,England,90,7,1991
7,Sri Lanka,77,7,1991
8,South Africa,76,7,1991
1,Australia,128,0,1992
2,Pakistan,116,0,1992
3,India,103,0,1992
4,West Indies,95,0,1992
5,New Zealand,92,0,1992
6,England,90,0,1992
7,Sri Lanka,76,0,1992
8,South Africa,76,0,1992
1,Australia,127,1,1992
2,Pakistan,114,1,1992
3,India,100,1,1992
4,West Indies,99,1,1992
5,England,97,1,1992
6,New Zealand,86,1,1992
7,Sri Lanka,79,1,1992
8,South Africa,76,1,1992
1,Australia,122,2,1992
2,Pakistan,112,2,1992
3,England,104,2,1992
4,West Indies,100,2,1992
5,India,97,2,1992
6,New Zealand,93,2,1992
7,South Africa,87,2,1992
8,Sri Lanka,77,2,1992
1,Australia,119,3,1992
2,Pakistan,114,3,1992
3,England,108,3,1992
4,West Indies,99,3,1992
5,New Zealand,98,3,1992
6,India,94,3,1992
7,South Africa,90,3,1992
8,Sri Lanka,76,3,1992
1,Australia,119,4,1992
2,Pakistan,112,4,1992
3,England,110,4,1992
4,West Indies,101,4,1992
5,New Zealand,98,4,1992
6,India,94,4,1992
7,South Africa,84,4,1992
8,Sri Lanka,76,4,1992
1,England,120,5,1992
2,Australia,117,5,1992
3,Pakistan,104,5,1992
4,West Indies,100,5,1992
5,New Zealand,100,5,1992
6,India,95,5,1992
7,South Africa,84,5,1992
8,Sri Lanka,76,5,1992
1,England,120,6,1992
2,Australia,107,6,1992
3,Pakistan,104,6,1992
4,West Indies,100,6,1992
5,New Zealand,100,6,1992
6,India,95,6,1992
7,Sri Lanka,90,6,1992
8,South Africa,84,6,1992
1,England,120,7,1992
2,Australia,109,7,1992
3,Pakistan,104,7,1992
4,West Indies,100,7,1992
5,New Zealand,100,7,1992
6,India,97,7,1992
7,Sri Lanka,88,7,1992
8,South Africa,84,7,1992
1,England,120,8,1992
2,Australia,109,8,1992
3,Pakistan,104,8,1992
4,New Zealand,101,8,1992
5,West Indies,100,8,1992
6,India,97,8,1992
7,Sri Lanka,88,8,1992
8,South Africa,84,8,1992
1,England,120,9,1992
2,Australia,109,9,1992
3,Pakistan,106,9,1992
4,New Zealand,101,9,1992
5,West Indies,98,9,1992
6,India,97,9,1992
7,Sri Lanka,88,9,1992
8,South Africa,84,9,1992
1,England,120,0,1993
2,Australia,112,0,1993
3,West Indies,103,0,1993
4,New Zealand,98,0,1993
5,South Africa,97,0,1993
6,Pakistan,96,0,1993
7,Sri Lanka,96,0,1993
8,India,90,0,1993
1,England,117,1,1993
2,West Indies,109,1,1993
3,Australia,108,1,1993
4,New Zealand,98,1,1993
5,South Africa,97,1,1993
6,Sri Lanka,96,1,1993
7,Pakistan,94,1,1993
8,India,92,1,1993
1,England,119,2,1993
2,West Indies,111,2,1993
3,Australia,108,2,1993
4,New Zealand,98,2,1993
5,Pakistan,97,2,1993
6,South Africa,94,2,1993
7,India,91,2,1993
8,Sri Lanka,91,2,1993
1,West Indies,109,3,1993
2,Australia,108,3,1993
3,England,107,3,1993
4,Pakistan,98,3,1993
5,New Zealand,98,3,1993
6,Sri Lanka,97,3,1993
7,India,96,3,1993
8,South Africa,94,3,1993
9,Zimbabwe,27,3,1993
1,Australia,109,4,1993
2,West Indies,109,4,1993
3,England,105,4,1993
4,Pakistan,98,4,1993
5,New Zealand,98,4,1993
6,Sri Lanka,97,4,1993
7,India,96,4,1993
8,South Africa,94,4,1993
9,Zimbabwe,27,4,1993
1,Australia,112,5,1993
2,West Indies,109,5,1993
3,England,101,5,1993
4,Pakistan,98,5,1993
5,India,98,5,1993
6,New Zealand,98,5,1993
7,Sri Lanka,95,5,1993
8,South Africa,94,5,1993
9,Zimbabwe,27,5,1993
1,West Indies,113,6,1993
2,Australia,108,6,1993
3,Sri Lanka,101,6,1993
4,England,100,6,1993
5,India,99,6,1993
6,New Zealand,98,6,1993
7,Pakistan,96,6,1993
8,South Africa,95,6,1993
9,Zimbabwe,27,6,1993
1,West Indies,113,7,1993
2,Australia,108,7,1993
3,Sri Lanka,103,7,1993
4,England,100,7,1993
5,South Africa,99,7,1993
6,New Zealand,98,7,1993
7,Pakistan,96,7,1993
8,India,95,7,1993
9,Zimbabwe,27,7,1993
1,West Indies,115,8,1993
2,Australia,108,8,1993
3,Sri Lanka,104,8,1993
4,England,100,8,1993
5,New Zealand,98,8,1993
6,Pakistan,96,8,1993
7,South Africa,96,8,1993
8,India,95,8,1993
9,Zimbabwe,27,8,1993
1,West Indies,114,9,1993
2,Australia,108,9,1993
3,Sri Lanka,100,9,1993
4,England,100,9,1993
5,Pakistan,99,9,1993
6,New Zealand,98,9,1993
7,South Africa,96,9,1993
8,India,95,9,1993
9,Zimbabwe,27,9,1993
1,West Indies,115,10,1993
2,Australia,105,10,1993
3,India,101,10,1993
4,South Africa,100,10,1993
5,Pakistan,100,10,1993
6,England,100,10,1993
7,New Zealand,98,10,1993
8,Sri Lanka,89,10,1993
9,Zimbabwe,29,10,1993
1,West Indies,113,0,1994
2,Australia,111,0,1994
3,Pakistan,101,0,1994
4,India,101,0,1994
5,England,100,0,1994
6,New Zealand,99,0,1994
7,South Africa,93,0,1994
8,Sri Lanka,91,0,1994
9,Zimbabwe,26,0,1994
1,West Indies,113,1,1994
2,Australia,109,1,1994
3,India,102,1,1994
4,Pakistan,101,1,1994
5,England,100,1,1994
6,New Zealand,97,1,1994
7,South Africa,96,1,1994
8,Sri Lanka,90,1,1994
9,Zimbabwe,26,1,1994
1,West Indies,114,2,1994
2,Australia,105,2,1994
3,South Africa,101,2,1994
4,Pakistan,101,2,1994
5,India,101,2,1994
6,England,99,2,1994
7,New Zealand,97,2,1994
8,Sri Lanka,91,2,1994
9,Zimbabwe,26,2,1994
1,West Indies,113,3,1994
2,Australia,105,3,1994
3,Pakistan,102,3,1994
4,England,101,3,1994
5,South Africa,101,3,1994
6,India,100,3,1994
7,New Zealand,95,3,1994
8,Sri Lanka,91,3,1994
9,Zimbabwe,26,3,1994
1,West Indies,113,4,1994
2,Australia,108,4,1994
3,Pakistan,105,4,1994
4,England,103,4,1994
5,South Africa,99,4,1994
6,India,99,4,1994
7,New Zealand,93,4,1994
8,Sri Lanka,88,4,1994
9,Zimbabwe,26,4,1994
1,West Indies,114,5,1994
2,Pakistan,109,5,1994
3,Australia,107,5,1994
4,South Africa,101,5,1994
5,India,100,5,1994
6,England,96,5,1994
7,New Zealand,91,5,1994
8,Sri Lanka,88,5,1994
9,Zimbabwe,26,5,1994
1,West Indies,114,6,1994
2,Pakistan,111,6,1994
3,Australia,107,6,1994
4,England,106,6,1994
5,India,97,6,1994
6,South Africa,96,6,1994
7,New Zealand,91,6,1994
8,Sri Lanka,89,6,1994
9,Zimbabwe,26,6,1994
1,West Indies,114,7,1994
2,Australia,106,7,1994
3,Pakistan,106,7,1994
4,England,106,7,1994
5,India,102,7,1994
6,South Africa,94,7,1994
7,Sri Lanka,93,7,1994
8,New Zealand,91,7,1994
9,Zimbabwe,26,7,1994
1,West Indies,114,8,1994
2,Australia,110,8,1994
3,Pakistan,108,8,1994
4,England,106,8,1994
5,India,105,8,1994
6,Sri Lanka,93,8,1994
7,New Zealand,88,8,1994
8,South Africa,87,8,1994
9,Zimbabwe,26,8,1994
1,India,114,9,1994
2,Australia,110,9,1994
3,Pakistan,108,9,1994
4,West Indies,106,9,1994
5,England,106,9,1994
6,Sri Lanka,90,9,1994
7,South Africa,87,9,1994
8,New Zealand,86,9,1994
9,Zimbabwe,33,9,1994
1,India,114,0,1995
2,Australia,112,0,1995
3,Pakistan,110,0,1995
4,West Indies,106,0,1995
5,England,96,0,1995
6,South Africa,92,0,1995
7,Sri Lanka,90,0,1995
8,New Zealand,78,0,1995
9,Zimbabwe,38,0,1995
1,India,114,1,1995
2,Australia,111,1,1995
3,West Indies,108,1,1995
4,Pakistan,106,1,1995
5,England,100,1,1995
6,South Africa,94,1,1995
7,Sri Lanka,90,1,1995
8,New Zealand,76,1,1995
9,Zimbabwe,38,1,1995
1,India,110,2,1995
2,West Indies,110,2,1995
3,Australia,109,2,1995
4,Pakistan,104,2,1995
5,England,100,2,1995
6,South Africa,94,2,1995
7,Sri Lanka,90,2,1995
8,New Zealand,80,2,1995
9,Zimbabwe,46,2,1995
1,West Indies,112,3,1995
2,India,110,3,1995
3,Australia,107,3,1995
4,Pakistan,104,3,1995
5,England,100,3,1995
6,South Africa,94,3,1995
7,Sri Lanka,88,3,1995
8,New Zealand,82,3,1995
9,Zimbabwe,46,3,1995
1,West Indies,113,4,1995
2,India,110,4,1995
3,Australia,107,4,1995
4,Pakistan,104,4,1995
5,England,98,4,1995
6,South Africa,94,4,1995
7,Sri Lanka,88,4,1995
8,New Zealand,82,4,1995
9,Zimbabwe,46,4,1995
1,India,114,5,1995
2,England,113,5,1995
3,West Indies,108,5,1995
4,Australia,107,5,1995
5,Pakistan,105,5,1995
6,South Africa,93,5,1995
7,Sri Lanka,86,5,1995
8,New Zealand,79,5,1995
9,Zimbabwe,52,5,1995
1,India,114,6,1995
2,England,113,6,1995
3,West Indies,108,6,1995
4,Australia,107,6,1995
5,Pakistan,106,6,1995
6,South Africa,93,6,1995
7,Sri Lanka,84,6,1995
8,New Zealand,79,6,1995
9,Zimbabwe,52,6,1995
1,India,114,7,1995
2,England,113,7,1995
3,West Indies,108,7,1995
4,Australia,107,7,1995
5,Pakistan,103,7,1995
6,South Africa,93,7,1995
7,Sri Lanka,87,7,1995
8,New Zealand,79,7,1995
9,Zimbabwe,52,7,1995
1,England,113,8,1995
2,India,109,8,1995
3,Australia,107,8,1995
4,West Indies,104,8,1995
5,Pakistan,100,8,1995
6,South Africa,94,8,1995
7,Sri Lanka,94,8,1995
8,New Zealand,84,8,1995
9,Zimbabwe,50,8,1995
1,England,113,9,1995
2,India,109,9,1995
3,Australia,107,9,1995
4,West Indies,104,9,1995
5,Pakistan,101,9,1995
6,South Africa,94,9,1995
7,Sri Lanka,94,9,1995
8,New Zealand,82,9,1995
9,Zimbabwe,50,9,1995
1,Australia,113,0,1996
2,England,113,0,1996
3,India,109,0,1996
4,Pakistan,98,0,1996
5,West Indies,97,0,1996
6,Sri Lanka,95,0,1996
7,South Africa,94,0,1996
8,New Zealand,86,0,1996
9,Zimbabwe,50,0,1996
1,Australia,110,1,1996
2,India,109,1,1996
3,South Africa,104,1,1996
4,West Indies,100,1,1996
5,Pakistan,98,1,1996
6,Sri Lanka,94,1,1996
7,England,89,1,1996
8,New Zealand,84,1,1996
9,Zimbabwe,54,1,1996
1,Australia,112,2,1996
2,India,109,2,1996
3,South Africa,107,2,1996
4,West Indies,99,2,1996
5,Pakistan,97,2,1996
6,Sri Lanka,95,2,1996
7,New Zealand,85,2,1996
8,England,84,2,1996
9,Zimbabwe,52,2,1996
1,Australia,110,3,1996
2,South Africa,106,3,1996
3,India,106,3,1996
4,West Indies,101,3,1996
5,Sri Lanka,101,3,1996
6,Pakistan,97,3,1996
7,New Zealand,83,3,1996
8,England,80,3,1996
9,Zimbabwe,52,3,1996
1,South Africa,112,4,1996
2,Australia,110,4,1996
3,Sri Lanka,100,4,1996
4,India,100,4,1996
5,West Indies,99,4,1996
6,Pakistan,98,4,1996
7,New Zealand,84,4,1996
8,England,84,4,1996
9,Zimbabwe,52,4,1996
1,South Africa,118,5,1996
2,Australia,112,5,1996
3,Sri Lanka,104,5,1996
4,West Indies,96,5,1996
5,India,95,5,1996
6,Pakistan,94,5,1996
7,New Zealand,84,5,1996
8,England,82,5,1996
9,Zimbabwe,54,5,1996
1,South Africa,118,6,1996
2,Australia,109,6,1996
3,Sri Lanka,108,6,1996
4,West Indies,96,6,1996
5,India,94,6,1996
6,England,91,6,1996
7,Pakistan,89,6,1996
8,New Zealand,84,6,1996
9,Zimbabwe,52,6,1996
1,South Africa,116,7,1996
2,Sri Lanka,112,7,1996
3,Australia,109,7,1996
4,West Indies,96,7,1996
5,Pakistan,92,7,1996
6,India,90,7,1996
7,England,87,7,1996
8,New Zealand,84,7,1996
9,Zimbabwe,52,7,1996
1,South Africa,124,8,1996
2,Sri Lanka,110,8,1996
3,Australia,102,8,1996
4,West Indies,96,8,1996
5,Pakistan,94,8,1996
6,India,90,8,1996
7,England,87,8,1996
8,New Zealand,84,8,1996
9,Zimbabwe,51,8,1996
1,South Africa,121,9,1996
2,Sri Lanka,106,9,1996
3,Australia,99,9,1996
4,Pakistan,99,9,1996
5,West Indies,96,9,1996
6,India,94,9,1996
7,England,87,9,1996
8,New Zealand,82,9,1996
9,Zimbabwe,50,9,1996
1,South Africa,119,0,1997
2,Sri Lanka,106,0,1997
3,Australia,99,0,1997
4,Pakistan,99,0,1997
5,India,97,0,1997
6,West Indies,95,0,1997
7,New Zealand,83,0,1997
8,England,82,0,1997
9,Zimbabwe,55,0,1997
1,South Africa,121,1,1997
2,Sri Lanka,106,1,1997
3,Pakistan,100,1,1997
4,West Indies,97,1,1997
5,Australia,96,1,1997
6,India,94,1,1997
7,New Zealand,83,1,1997
8,England,73,1,1997
9,Zimbabwe,63,1,1997
1,South Africa,122,2,1997
2,Sri Lanka,106,2,1997
3,Pakistan,100,2,1997
4,West Indies,97,2,1997
5,Australia,96,2,1997
6,India,90,2,1997
7,New Zealand,81,2,1997
8,England,77,2,1997
9,Zimbabwe,69,2,1997
1,South Africa,122,3,1997
2,Sri Lanka,105,3,1997
3,Pakistan,100,3,1997
4,Australia,97,3,1997
5,West Indies,97,3,1997
6,India,90,3,1997
7,New Zealand,84,3,1997
8,England,75,3,1997
9,Zimbabwe,69,3,1997
1,South Africa,117,4,1997
2,Sri Lanka,106,4,1997
3,Australia,101,4,1997
4,West Indies,99,4,1997
5,Pakistan,98,4,1997
6,India,89,4,1997
7,New Zealand,84,4,1997
8,England,75,4,1997
9,Zimbabwe,70,4,1997
1,South Africa,117,5,1997
2,Sri Lanka,107,5,1997
3,West Indies,100,5,1997
4,Pakistan,97,5,1997
5,Australia,96,5,1997
6,India,88,5,1997
7,England,84,5,1997
8,New Zealand,83,5,1997
9,Zimbabwe,70,5,1997
1,South Africa,117,6,1997
2,Sri Lanka,108,6,1997
3,West Indies,100,6,1997
4,Pakistan,97,6,1997
5,Australia,96,6,1997
6,India,88,6,1997
7,England,84,6,1997
8,New Zealand,83,6,1997
9,Zimbabwe,70,6,1997
1,South Africa,121,7,1997
2,Sri Lanka,113,7,1997
3,West Indies,100,7,1997
4,Pakistan,97,7,1997
5,Australia,93,7,1997
6,New Zealand,85,7,1997
7,India,83,7,1997
8,England,80,7,1997
9,Zimbabwe,72,7,1997
1,South Africa,121,8,1997
2,Sri Lanka,115,8,1997
3,West Indies,100,8,1997
4,Pakistan,96,8,1997
5,Australia,93,8,1997
6,New Zealand,85,8,1997
7,India,83,8,1997
8,England,80,8,1997
9,Zimbabwe,72,8,1997
1,South Africa,121,9,1997
2,Sri Lanka,115,9,1997
3,West Indies,100,9,1997
4,Australia,93,9,1997
5,Pakistan,92,9,1997
6,India,87,9,1997
7,New Zealand,84,9,1997
8,England,80,9,1997
9,Zimbabwe,73,9,1997
1,South Africa,128,10,1997
2,Sri Lanka,123,10,1997
3,West Indies,105,10,1997
4,Australia,100,10,1997
5,Pakistan,100,10,1997
6,India,93,10,1997
7,New Zealand,90,10,1997
8,Zimbabwe,88,10,1997
9,England,87,10,1997
1,South Africa,134,11,1997
2,Sri Lanka,121,11,1997
3,West Indies,101,11,1997
4,Pakistan,100,11,1997
5,Australia,99,11,1997
6,India,93,11,1997
7,New Zealand,90,11,1997
8,Zimbabwe,88,11,1997
9,England,87,11,1997
1,South Africa,132,0,1998
2,Sri Lanka,119,0,1998
3,England,102,0,1998
4,Australia,102,0,1998
5,West Indies,100,0,1998
6,Pakistan,99,0,1998
7,India,91,0,1998
8,New Zealand,90,0,1998
9,Zimbabwe,88,0,1998
1,South Africa,130,1,1998
2,Sri Lanka,121,1,1998
3,Australia,104,1,1998
4,England,102,1,1998
5,West Indies,100,1,1998
6,Pakistan,97,1,1998
7,India,94,1,1998
8,New Zealand,92,1,1998
9,Zimbabwe,85,1,1998
10,Bangladesh,13,1,1998
1,South Africa,130,2,1998
2,Sri Lanka,121,2,1998
3,Australia,103,2,1998
4,England,102,2,1998
5,West Indies,100,2,1998
6,Pakistan,97,2,1998
7,India,94,2,1998
8,New Zealand,93,2,1998
9,Zimbabwe,85,2,1998
10,Bangladesh,13,2,1998
1,South Africa,130,3,1998
2,Sri Lanka,121,3,1998
3,England,104,3,1998
4,Australia,101,3,1998
5,West Indies,99,3,1998
6,Pakistan,98,3,1998
7,New Zealand,95,3,1998
8,India,95,3,1998
9,Zimbabwe,81,3,1998
10,Bangladesh,13,3,1998
1,South Africa,132,4,1998
2,Sri Lanka,118,4,1998
3,West Indies,105,4,1998
4,Australia,105,4,1998
5,Pakistan,99,4,1998
6,India,96,4,1998
7,England,95,4,1998
8,New Zealand,93,4,1998
9,Zimbabwe,77,4,1998
10,Bangladesh,12,4,1998
1,South Africa,131,5,1998
2,Sri Lanka,116,5,1998
3,West Indies,105,5,1998
4,Australia,105,5,1998
5,Pakistan,99,5,1998
6,England,97,5,1998
7,India,96,5,1998
8,New Zealand,93,5,1998
9,Zimbabwe,77,5,1998
10,Kenya,44,5,1998
11,Bangladesh,16,5,1998
1,South Africa,131,6,1998
2,Sri Lanka,117,6,1998
3,West Indies,105,6,1998
4,Australia,105,6,1998
5,Pakistan,99,6,1998
6,England,97,6,1998
7,India,96,6,1998
8,New Zealand,92,6,1998
9,Zimbabwe,77,6,1998
10,Kenya,44,6,1998
11,Bangladesh,16,6,1998
1,South Africa,130,7,1998
2,Sri Lanka,115,7,1998
3,West Indies,107,7,1998
4,Australia,104,7,1998
5,England,102,7,1998
6,Pakistan,98,7,1998
7,India,98,7,1998
8,New Zealand,91,7,1998
9,Zimbabwe,78,7,1998
10,Kenya,44,7,1998
11,Bangladesh,15,7,1998
1,South Africa,128,8,1998
2,Sri Lanka,117,8,1998
3,West Indies,107,8,1998
4,Australia,104,8,1998
5,England,103,8,1998
6,India,100,8,1998
7,Pakistan,96,8,1998
8,New Zealand,91,8,1998
9,Zimbabwe,78,8,1998
10,Kenya,44,8,1998
11,Bangladesh,15,8,1998
1,South Africa,128,9,1998
2,Sri Lanka,117,9,1998
3,West Indies,107,9,1998
4,Australia,104,9,1998
5,England,103,9,1998
6,Pakistan,102,9,1998
7,India,95,9,1998
8,New Zealand,93,9,1998
9,Zimbabwe,77,9,1998
10,Kenya,44,9,1998
11,Bangladesh,15,9,1998
1,South Africa,132,10,1998
2,Sri Lanka,117,10,1998
3,West Indies,111,10,1998
4,Australia,101,10,1998
5,England,101,10,1998
6,Pakistan,100,10,1998
7,India,95,10,1998
8,New Zealand,92,10,1998
9,Zimbabwe,77,10,1998
10,Kenya,44,10,1998
11,Bangladesh,15,10,1998
1,South Africa,132,0,1999
2,West Indies,111,0,1999
3,Sri Lanka,107,0,1999
4,Australia,106,0,1999
5,England,101,0,1999
6,Pakistan,97,0,1999
7,India,97,0,1999
8,New Zealand,94,0,1999
9,Zimbabwe,83,0,1999
10,Kenya,44,0,1999
11,Bangladesh,15,0,1999
1,South Africa,133,1,1999
2,Australia,109,1,1999
3,West Indies,108,1,1999
4,England,107,1,1999
5,Sri Lanka,102,1,1999
6,India,98,1,1999
7,Pakistan,97,1,1999
8,New Zealand,93,1,1999
9,Zimbabwe,83,1,1999
10,Kenya,44,1,1999
11,Bangladesh,15,1,1999
1,South Africa,130,2,1999
2,Australia,113,2,1999
3,West Indies,106,2,1999
4,Sri Lanka,102,2,1999
5,England,100,2,1999
6,New Zealand,98,2,1999
7,India,98,2,1999
8,Pakistan,97,2,1999
9,Zimbabwe,83,2,1999
10,Kenya,44,2,1999
11,Bangladesh,14,2,1999
1,South Africa,131,3,1999
2,Australia,113,3,1999
3,West Indies,106,3,1999
4,Sri Lanka,100,3,1999
5,England,100,3,1999
6,Pakistan,100,3,1999
7,India,98,3,1999
8,New Zealand,97,3,1999
9,Zimbabwe,85,3,1999
10,Kenya,43,3,1999
11,Bangladesh,8,3,1999
1,South Africa,131,4,1999
2,Australia,112,4,1999
3,West Indies,108,4,1999
4,Pakistan,101,4,1999
5,Sri Lanka,99,4,1999
6,India,98,4,1999
7,England,98,4,1999
8,New Zealand,97,4,1999
9,Zimbabwe,85,4,1999
10,Kenya,43,4,1999
11,Bangladesh,8,4,1999
1,South Africa,130,5,1999
2,Australia,111,5,1999
3,West Indies,106,5,1999
4,Pakistan,102,5,1999
5,India,98,5,1999
6,England,98,5,1999
7,Sri Lanka,98,5,1999
8,New Zealand,97,5,1999
9,Zimbabwe,87,5,1999
10,Kenya,39,5,1999
11,Bangladesh,12,5,1999
1,South Africa,130,6,1999
2,Australia,119,6,1999
3,West Indies,105,6,1999
4,Pakistan,102,6,1999
5,India,99,6,1999
6,New Zealand,98,6,1999
7,England,98,6,1999
8,Sri Lanka,92,6,1999
9,Zimbabwe,87,6,1999
10,Kenya,39,6,1999
11,Bangladesh,10,6,1999
1,South Africa,130,7,1999
2,Australia,120,7,1999
3,West Indies,107,7,1999
4,Pakistan,102,7,1999
5,New Zealand,98,7,1999
6,England,98,7,1999
7,India,97,7,1999
8,Sri Lanka,93,7,1999
9,Zimbabwe,85,7,1999
10,Kenya,39,7,1999
11,Bangladesh,10,7,1999
1,South Africa,128,8,1999
2,Australia,120,8,1999
3,Pakistan,106,8,1999
4,India,101,8,1999
5,West Indies,101,8,1999
6,New Zealand,98,8,1999
7,England,98,8,1999
8,Sri Lanka,93,8,1999
9,Zimbabwe,83,8,1999
10,Kenya,36,8,1999
11,Bangladesh,10,8,1999
1,South Africa,129,9,1999
2,Australia,121,9,1999
3,Pakistan,110,9,1999
4,New Zealand,101,9,1999
5,India,99,9,1999
6,West Indies,98,9,1999
7,England,98,9,1999
8,Sri Lanka,92,9,1999
9,Zimbabwe,82,9,1999
10,Kenya,36,9,1999
11,Bangladesh,8,9,1999
1,South Africa,129,10,1999
2,Australia,121,10,1999
3,Pakistan,110,10,1999
4,India,101,10,1999
5,England,98,10,1999
6,West Indies,98,10,1999
7,New Zealand,97,10,1999
8,Sri Lanka,93,10,1999
9,Zimbabwe,80,10,1999
10,Kenya,36,10,1999
11,Bangladesh,8,10,1999
1,South Africa,129,0,2000
2,Australia,121,0,2000
3,Pakistan,110,0,2000
4,India,101,0,2000
5,New Zealand,99,0,2000
6,England,98,0,2000
7,West Indies,97,0,2000
8,Sri Lanka,93,0,2000
9,Zimbabwe,80,0,2000
10,Kenya,36,0,2000
11,Bangladesh,8,0,2000
1,South Africa,127,1,2000
2,Australia,125,1,2000
3,Pakistan,110,1,2000
4,New Zealand,105,1,2000
5,England,99,1,2000
6,India,98,1,2000
7,Sri Lanka,93,1,2000
8,West Indies,92,1,2000
9,Zimbabwe,81,1,2000
10,Kenya,36,1,2000
11,Bangladesh,8,1,2000
1,Australia,128,2,2000
2,South Africa,126,2,2000
3,Pakistan,105,2,2000
4,New Zealand,101,2,2000
5,England,101,2,2000
6,Sri Lanka,98,2,2000
7,India,98,2,2000
8,West Indies,92,2,2000
9,Zimbabwe,81,2,2000
10,Kenya,36,2,2000
11,Bangladesh,8,2,2000
1,Australia,127,3,2000
2,South Africa,121,3,2000
3,Pakistan,107,3,2000
4,New Zealand,104,3,2000
5,England,101,3,2000
6,India,100,3,2000
7,Sri Lanka,98,3,2000
8,West Indies,93,3,2000
9,Zimbabwe,80,3,2000
10,Kenya,36,3,2000
11,Bangladesh,8,3,2000
1,Australia,125,4,2000
2,South Africa,122,4,2000
3,Pakistan,106,4,2000
4,New Zealand,104,4,2000
5,England,101,4,2000
6,India,100,4,2000
7,Sri Lanka,98,4,2000
8,West Indies,96,4,2000
9,Zimbabwe,78,4,2000
10,Kenya,36,4,2000
11,Bangladesh,7,4,2000
1,Australia,125,5,2000
2,South Africa,122,5,2000
3,Pakistan,106,5,2000
4,New Zealand,104,5,2000
5,England,101,5,2000
6,India,100,5,2000
7,Sri Lanka,99,5,2000
8,West Indies,96,5,2000
9,Zimbabwe,78,5,2000
10,Kenya,36,5,2000
11,Bangladesh,6,5,2000
1,Australia,125,6,2000
2,South Africa,122,6,2000
3,Pakistan,107,6,2000
4,New Zealand,104,6,2000
5,England,101,6,2000
6,Sri Lanka,99,6,2000
7,India,99,6,2000
8,West Indies,96,6,2000
9,Zimbabwe,78,6,2000
10,Kenya,36,6,2000
11,Bangladesh,6,6,2000
1,Australia,129,7,2000
2,South Africa,116,7,2000
3,New Zealand,108,7,2000
4,Pakistan,107,7,2000
5,Sri Lanka,105,7,2000
6,England,101,7,2000
7,India,98,7,2000
8,West Indies,91,7,2000
9,Zimbabwe,81,7,2000
10,Kenya,32,7,2000
11,Bangladesh,3,7,2000
1,Australia,128,8,2000
2,South Africa,118,8,2000
3,Pakistan,109,8,2000
4,Sri Lanka,105,8,2000
5,New Zealand,104,8,2000
6,England,101,8,2000
7,India,98,8,2000
8,West Indies,91,8,2000
9,Zimbabwe,80,8,2000
10,Kenya,32,8,2000
11,Bangladesh,3,8,2000
1,Australia,128,9,2000
2,South Africa,118,9,2000
3,Pakistan,109,9,2000
4,Sri Lanka,105,9,2000
5,England,101,9,2000
6,India,98,9,2000
7,New Zealand,97,9,2000
8,West Indies,91,9,2000
9,Zimbabwe,85,9,2000
10,Kenya,32,9,2000
11,Bangladesh,3,9,2000
1,Australia,125,10,2000
2,South Africa,120,10,2000
3,Sri Lanka,110,10,2000
4,Pakistan,109,10,2000
5,India,100,10,2000
6,New Zealand,99,10,2000
7,England,99,10,2000
8,West Indies,89,10,2000
9,Zimbabwe,80,10,2000
10,Kenya,31,10,2000
11,Bangladesh,2,10,2000
1,Australia,125,11,2000
2,South Africa,121,11,2000
3,Sri Lanka,110,11,2000
4,Pakistan,109,11,2000
5,India,100,11,2000
6,England,99,11,2000
7,New Zealand,98,11,2000
8,West Indies,89,11,2000
9,Zimbabwe,80,11,2000
10,Kenya,31,11,2000
11,Bangladesh,2,11,2000
1,Australia,125,0,2001
2,South Africa,123,0,2001
3,Pakistan,109,0,2001
4,Sri Lanka,108,0,2001
5,India,101,0,2001
6,England,99,0,2001
7,New Zealand,95,0,2001
8,West Indies,89,0,2001
9,Zimbabwe,81,0,2001
10,Kenya,31,0,2001
11,Bangladesh,2,0,2001
1,Australia,128,1,2001
2,South Africa,124,1,2001
3,Pakistan,109,1,2001
4,Sri Lanka,108,1,2001
5,India,101,1,2001
6,England,99,1,2001
7,New Zealand,93,1,2001
8,West Indies,90,1,2001
9,Zimbabwe,80,1,2001
10,Kenya,31,1,2001
11,Bangladesh,2,1,2001
1,Australia,128,2,2001
2,South Africa,124,2,2001
3,Sri Lanka,110,2,2001
4,Pakistan,107,2,2001
5,India,101,2,2001
6,England,97,2,2001
7,New Zealand,96,2,2001
8,West Indies,89,2,2001
9,Zimbabwe,79,2,2001
10,Kenya,31,2,2001
11,Bangladesh,2,2,2001
1,Australia,126,3,2001
2,South Africa,124,3,2001
3,Sri Lanka,111,3,2001
4,Pakistan,107,3,2001
5,India,103,3,2001
6,New Zealand,96,3,2001
7,England,94,3,2001
8,West Indies,89,3,2001
9,Zimbabwe,79,3,2001
10,Kenya,31,3,2001
11,Bangladesh,2,3,2001
1,Australia,127,4,2001
2,South Africa,122,4,2001
3,Sri Lanka,110,4,2001
4,Pakistan,109,4,2001
5,India,102,4,2001
6,New Zealand,95,4,2001
7,England,94,4,2001
8,West Indies,91,4,2001
9,Zimbabwe,80,4,2001
10,Kenya,31,4,2001
11,Bangladesh,0,4,2001
1,Australia,127,5,2001
2,South Africa,122,5,2001
3,Sri Lanka,110,5,2001
4,Pakistan,110,5,2001
5,India,102,5,2001
6,New Zealand,95,5,2001
7,England,93,5,2001
8,West Indies,91,5,2001
9,Zimbabwe,80,5,2001
10,Kenya,31,5,2001
11,Bangladesh,0,5,2001
1,Australia,128,6,2001
2,South Africa,122,6,2001
3,Pakistan,111,6,2001
4,Sri Lanka,110,6,2001
5,India,104,6,2001
6,New Zealand,95,6,2001
7,West Indies,92,6,2001
8,England,89,6,2001
9,Zimbabwe,78,6,2001
10,Kenya,31,6,2001
11,Bangladesh,0,6,2001
1,Australia,128,7,2001
2,South Africa,122,7,2001
3,Pakistan,111,7,2001
4,Sri Lanka,110,7,2001
5,India,103,7,2001
6,New Zealand,95,7,2001
7,West Indies,92,7,2001
8,England,89,7,2001
9,Zimbabwe,78,7,2001
10,Kenya,31,7,2001
11,Bangladesh,0,7,2001
1,Australia,128,8,2001
2,South Africa,122,8,2001
3,Sri Lanka,116,8,2001
4,Pakistan,112,8,2001
5,India,104,8,2001
6,West Indies,92,8,2001
7,New Zealand,92,8,2001
8,England,85,8,2001
9,Zimbabwe,75,8,2001
10,Kenya,17,8,2001
11,Bangladesh,0,8,2001
1,Australia,128,9,2001
2,South Africa,123,9,2001
3,Sri Lanka,116,9,2001
4,Pakistan,112,9,2001
5,India,104,9,2001
6,West Indies,92,9,2001
7,New Zealand,92,9,2001
8,England,88,9,2001
9,Zimbabwe,73,9,2001
10,Kenya,17,9,2001
11,Bangladesh,0,9,2001
1,Australia,128,10,2001
2,South Africa,124,10,2001
3,Sri Lanka,116,10,2001
4,Pakistan,113,10,2001
5,India,102,10,2001
6,England,95,10,2001
7,West Indies,92,10,2001
8,New Zealand,92,10,2001
9,Zimbabwe,69,10,2001
10,Kenya,20,10,2001
11,Bangladesh,0,10,2001
1,Australia,128,11,2001
2,South Africa,124,11,2001
3,Pakistan,115,11,2001
4,Sri Lanka,115,11,2001
5,India,102,11,2001
6,England,95,11,2001
7,West Indies,92,11,2001
8,New Zealand,92,11,2001
9,Zimbabwe,69,11,2001
10,Kenya,20,11,2001
11,Bangladesh,0,11,2001
1,Australia,125,0,2002
2,South Africa,124,0,2002
3,Sri Lanka,115,0,2002
4,Pakistan,115,0,2002
5,India,102,0,2002
6,New Zealand,95,0,2002
7,England,95,0,2002
8,West Indies,91,0,2002
9,Zimbabwe,70,0,2002
10,Kenya,20,0,2002
11,Bangladesh,0,0,2002
1,South Africa,123,1,2002
2,Australia,122,1,2002
3,Pakistan,116,1,2002
4,Sri Lanka,115,1,2002
5,India,102,1,2002
6,New Zealand,99,1,2002
7,England,94,1,2002
8,West Indies,91,1,2002
9,Zimbabwe,70,1,2002
10,Kenya,20,1,2002
11,Bangladesh,0,1,2002
1,Australia,124,2,2002
2,South Africa,123,2,2002
3,Sri Lanka,115,2,2002
4,Pakistan,115,2,2002
5,India,99,2,2002
6,New Zealand,98,2,2002
7,England,95,2,2002
8,West Indies,92,2,2002
9,Zimbabwe,72,2,2002
10,Kenya,20,2,2002
11,Bangladesh,0,2,2002
1,Australia,129,3,2002
2,South Africa,119,3,2002
3,Sri Lanka,115,3,2002
4,Pakistan,115,3,2002
5,India,99,3,2002
6,New Zealand,98,3,2002
7,England,95,3,2002
8,West Indies,92,3,2002
9,Zimbabwe,72,3,2002
10,Kenya,20,3,2002
11,Bangladesh,0,3,2002
1,Australia,128,4,2002
2,South Africa,120,4,2002
3,Pakistan,117,4,2002
4,Sri Lanka,115,4,2002
5,India,100,4,2002
6,New Zealand,96,4,2002
7,England,95,4,2002
8,West Indies,91,4,2002
9,Zimbabwe,72,4,2002
10,Kenya,20,4,2002
11,Bangladesh,0,4,2002
1,Australia,128,5,2002
2,South Africa,120,5,2002
3,Pakistan,117,5,2002
4,Sri Lanka,115,5,2002
5,India,99,5,2002
6,New Zealand,96,5,2002
7,England,95,5,2002
8,West Indies,92,5,2002
9,Zimbabwe,72,5,2002
10,Kenya,20,5,2002
11,Bangladesh,0,5,2002
1,Australia,126,6,2002
2,South Africa,120,6,2002
3,Pakistan,119,6,2002
4,Sri Lanka,111,6,2002
5,India,102,6,2002
6,England,98,6,2002
7,West Indies,94,6,2002
8,New Zealand,94,6,2002
9,Zimbabwe,72,6,2002
10,Kenya,20,6,2002
11,Bangladesh,0,6,2002
1,Australia,125,7,2002
2,Pakistan,124,7,2002
3,South Africa,121,7,2002
4,Sri Lanka,107,7,2002
5,India,104,7,2002
6,England,98,7,2002
7,West Indies,96,7,2002
8,New Zealand,93,7,2002
9,Zimbabwe,70,7,2002
10,Kenya,20,7,2002
11,Bangladesh,0,7,2002
1,Australia,127,8,2002
2,South Africa,119,8,2002
3,Pakistan,118,8,2002
4,Sri Lanka,115,8,2002
5,India,104,8,2002
6,England,98,8,2002
7,West Indies,96,8,2002
8,New Zealand,93,8,2002
9,Zimbabwe,70,8,2002
10,Kenya,17,8,2002
11,Bangladesh,0,8,2002
1,Australia,128,9,2002
2,South Africa,120,9,2002
3,Sri Lanka,117,9,2002
4,Pakistan,115,9,2002
5,India,106,9,2002
6,England,96,9,2002
7,West Indies,94,9,2002
8,New Zealand,91,9,2002
9,Zimbabwe,67,9,2002
10,Kenya,22,9,2002
11,Bangladesh,11,9,2002
1,Australia,128,10,2002
2,South Africa,123,10,2002
3,Pakistan,116,10,2002
4,Sri Lanka,114,10,2002
5,India,103,10,2002
6,West Indies,98,10,2002
7,England,96,10,2002
8,New Zealand,91,10,2002
9,Zimbabwe,66,10,2002
10,Kenya,22,10,2002
11,Bangladesh,11,10,2002
1,Australia,131,11,2002
2,South Africa,126,11,2002
3,Pakistan,114,11,2002
4,Sri Lanka,110,11,2002
5,India,100,11,2002
6,England,100,11,2002
7,West Indies,99,11,2002
8,New Zealand,95,11,2002
9,Zimbabwe,66,11,2002
10,Kenya,20,11,2002
11,Bangladesh,10,11,2002
1,Australia,132,0,2003
2,South Africa,126,0,2003
3,Pakistan,114,0,2003
4,Sri Lanka,110,0,2003
5,India,99,0,2003
6,West Indies,99,0,2003
7,England,98,0,2003
8,New Zealand,97,0,2003
9,Zimbabwe,66,0,2003
10,Kenya,20,0,2003
11,Bangladesh,10,0,2003
1,Australia,134,1,2003
2,South Africa,123,1,2003
3,Pakistan,111,1,2003
4,Sri Lanka,110,1,2003
5,India,100,1,2003
6,New Zealand,99,1,2003
7,West Indies,99,1,2003
8,England,99,1,2003
9,Zimbabwe,66,1,2003
10,Kenya,25,1,2003
11,Bangladesh,8,1,2003
1,Australia,136,2,2003
2,South Africa,123,2,2003
3,Pakistan,110,2,2003
4,Sri Lanka,108,2,2003
5,India,103,2,2003
6,West Indies,99,2,2003
7,New Zealand,98,2,2003
8,England,98,2,2003
9,Zimbabwe,63,2,2003
10,Kenya,30,2,2003
11,Bangladesh,6,2,2003
1,Australia,136,3,2003
2,South Africa,122,3,2003
3,Pakistan,112,3,2003
4,Sri Lanka,106,3,2003
5,India,104,3,2003
6,West Indies,99,3,2003
7,New Zealand,98,3,2003
8,England,98,3,2003
9,Zimbabwe,65,3,2003
10,Kenya,28,3,2003
11,Bangladesh,4,3,2003
1,Australia,134,4,2003
2,South Africa,122,4,2003
3,Pakistan,110,4,2003
4,Sri Lanka,106,4,2003
5,India,104,4,2003
6,West Indies,102,4,2003
7,New Zealand,101,4,2003
8,England,98,4,2003
9,Zimbabwe,65,4,2003
10,Kenya,28,4,2003
11,Bangladesh,4,4,2003
1,Australia,132,5,2003
2,South Africa,121,5,2003
3,Pakistan,108,5,2003
4,Sri Lanka,106,5,2003
5,India,104,5,2003
6,West Indies,103,5,2003
7,New Zealand,101,5,2003
8,England,100,5,2003
9,Zimbabwe,66,5,2003
10,Kenya,28,5,2003
11,Bangladesh,4,5,2003
1,Australia,132,6,2003
2,South Africa,120,6,2003
3,Pakistan,108,6,2003
4,Sri Lanka,106,6,2003
5,India,104,6,2003
6,West Indies,103,6,2003
7,England,103,6,2003
8,New Zealand,101,6,2003
9,Zimbabwe,66,6,2003
10,Kenya,28,6,2003
11,Bangladesh,4,6,2003
1,Australia,135,7,2003
2,South Africa,118,7,2003
3,England,107,7,2003
4,West Indies,106,7,2003
5,New Zealand,106,7,2003
6,Sri Lanka,105,7,2003
7,Pakistan,105,7,2003
8,India,104,7,2003
9,Zimbabwe,63,7,2003
10,Kenya,28,7,2003
11,Bangladesh,1,7,2003
1,Australia,135,8,2003
2,South Africa,118,8,2003
3,England,107,8,2003
4,Pakistan,106,8,2003
5,West Indies,106,8,2003
6,New Zealand,106,8,2003
7,Sri Lanka,105,8,2003
8,India,104,8,2003
9,Zimbabwe,63,8,2003
10,Kenya,28,8,2003
11,Bangladesh,0,8,2003
1,Australia,133,9,2003
2,South Africa,118,9,2003
3,England,107,9,2003
4,India,107,9,2003
5,Pakistan,107,9,2003
6,West Indies,106,9,2003
7,Sri Lanka,105,9,2003
8,New Zealand,105,9,2003
9,Zimbabwe,63,9,2003
10,Kenya,28,9,2003
11,Bangladesh,0,9,2003
1,Australia,136,10,2003
2,South Africa,118,10,2003
3,Pakistan,108,10,2003
4,Sri Lanka,107,10,2003
5,England,106,10,2003
6,India,105,10,2003
7,New Zealand,102,10,2003
8,West Indies,101,10,2003
9,Zimbabwe,68,10,2003
10,Kenya,28,10,2003
11,Bangladesh,0,10,2003
1,Australia,136,11,2003
2,South Africa,118,11,2003
3,Pakistan,111,11,2003
4,Sri Lanka,107,11,2003
5,England,106,11,2003
6,India,105,11,2003
7,West Indies,101,11,2003
8,New Zealand,97,11,2003
9,Zimbabwe,68,11,2003
10,Kenya,28,11,2003
11,Bangladesh,0,11,2003
1,Australia,136,0,2004
2,South Africa,120,0,2004
3,Pakistan,107,0,2004
4,Sri Lanka,107,0,2004
5,India,107,0,2004
6,England,106,0,2004
7,New Zealand,102,0,2004
8,West Indies,99,0,2004
9,Zimbabwe,66,0,2004
10,Kenya,28,0,2004
11,Bangladesh,0,0,2004
1,Australia,135,1,2004
2,South Africa,114,1,2004
3,Sri Lanka,109,1,2004
4,New Zealand,108,1,2004
5,Pakistan,107,1,2004
6,England,106,1,2004
7,India,105,1,2004
8,West Indies,100,1,2004
9,Zimbabwe,66,1,2004
10,Kenya,28,1,2004
11,Bangladesh,0,1,2004
1,Australia,135,2,2004
2,South Africa,113,2,2004
3,Sri Lanka,109,2,2004
4,New Zealand,109,2,2004
5,India,107,2,2004
6,Pakistan,106,2,2004
7,England,106,2,2004
8,West Indies,100,2,2004
9,Zimbabwe,64,2,2004
10,Kenya,28,2,2004
11,Bangladesh,3,2,2004
1,Australia,135,3,2004
2,South Africa,113,3,2004
3,Sri Lanka,110,3,2004
4,New Zealand,109,3,2004
5,England,108,3,2004
6,India,107,3,2004
7,Pakistan,106,3,2004
8,West Indies,99,3,2004
9,Zimbabwe,63,3,2004
10,Kenya,28,3,2004
11,Bangladesh,3,3,2004
1,Australia,136,4,2004
2,South Africa,113,4,2004
3,Sri Lanka,110,4,2004
4,New Zealand,109,4,2004
5,India,107,4,2004
6,Pakistan,106,4,2004
7,England,105,4,2004
8,West Indies,102,4,2004
9,Zimbabwe,62,4,2004
10,Kenya,28,4,2004
11,Bangladesh,2,4,2004
1,Australia,136,5,2004
2,South Africa,113,5,2004
3,Sri Lanka,110,5,2004
4,New Zealand,110,5,2004
5,India,107,5,2004
6,Pakistan,106,5,2004
7,West Indies,103,5,2004
8,England,102,5,2004
9,Zimbabwe,62,5,2004
10,Kenya,28,5,2004
11,Bangladesh,2,5,2004
1,Australia,136,6,2004
2,South Africa,113,6,2004
3,New Zealand,113,6,2004
4,Sri Lanka,112,6,2004
5,Pakistan,107,6,2004
6,India,105,6,2004
7,England,101,6,2004
8,West Indies,101,6,2004
9,Zimbabwe,62,6,2004
10,Kenya,28,6,2004
11,Bangladesh,1,6,2004
1,Australia,136,7,2004
2,Sri Lanka,123,7,2004
3,New Zealand,117,7,2004
4,Pakistan,105,7,2004
5,India,105,7,2004
6,South Africa,102,7,2004
7,West Indies,101,7,2004
8,England,99,7,2004
9,Zimbabwe,61,7,2004
10,Kenya,28,7,2004
11,Bangladesh,0,7,2004
1,Australia,137,8,2004
2,Sri Lanka,121,8,2004
3,New Zealand,116,8,2004
4,West Indies,107,8,2004
5,England,107,8,2004
6,Pakistan,105,8,2004
7,India,102,8,2004
8,South Africa,101,8,2004
9,Zimbabwe,61,8,2004
10,Kenya,26,8,2004
11,Bangladesh,0,8,2004
1,Australia,137,9,2004
2,Sri Lanka,121,9,2004
3,New Zealand,116,9,2004
4,West Indies,107,9,2004
5,England,107,9,2004
6,Pakistan,105,9,2004
7,India,102,9,2004
8,South Africa,101,9,2004
9,Zimbabwe,61,9,2004
10,Kenya,26,9,2004
11,Bangladesh,0,9,2004
1,Australia,137,10,2004
2,Sri Lanka,119,10,2004
3,New Zealand,117,10,2004
4,Pakistan,109,10,2004
5,England,108,10,2004
6,West Indies,107,10,2004
7,South Africa,101,10,2004
8,India,100,10,2004
9,Zimbabwe,59,10,2004
10,Kenya,26,10,2004
11,Bangladesh,0,10,2004
1,Australia,136,11,2004
2,New Zealand,120,11,2004
3,Sri Lanka,117,11,2004
4,England,109,11,2004
5,Pakistan,109,11,2004
6,West Indies,107,11,2004
7,South Africa,101,11,2004
8,India,98,11,2004
9,Zimbabwe,58,11,2004
10,Kenya,26,11,2004
11,Bangladesh,3,11,2004
1,Australia,136,0,2005
2,New Zealand,120,0,2005
3,Sri Lanka,117,0,2005
4,England,110,0,2005
5,Pakistan,109,0,2005
6,West Indies,106,0,2005
7,South Africa,100,0,2005
8,India,98,0,2005
9,Zimbabwe,51,0,2005
10,Kenya,26,0,2005
11,Bangladesh,11,0,2005
1,Australia,139,1,2005
2,Sri Lanka,117,1,2005
3,New Zealand,117,1,2005
4,Pakistan,109,1,2005
5,South Africa,107,1,2005
6,West Indies,105,1,2005
7,England,103,1,2005
8,India,98,1,2005
9,Zimbabwe,51,1,2005
10,Kenya,26,1,2005
11,Bangladesh,11,1,2005
1,Australia,140,2,2005
2,Sri Lanka,117,2,2005
3,New Zealand,116,2,2005
4,Pakistan,109,2,2005
5,South Africa,107,2,2005
6,West Indies,105,2,2005
7,England,103,2,2005
8,India,98,2,2005
9,Zimbabwe,50,2,2005
10,Kenya,26,2,2005
11,Bangladesh,11,2,2005
1,Australia,140,3,2005
2,Sri Lanka,117,3,2005
3,New Zealand,116,3,2005
4,Pakistan,110,3,2005
5,South Africa,107,3,2005
6,West Indies,105,3,2005
7,England,103,3,2005
8,India,97,3,2005
9,Zimbabwe,50,3,2005
10,Kenya,26,3,2005
11,Bangladesh,11,3,2005
1,Australia,140,4,2005
2,Sri Lanka,117,4,2005
3,New Zealand,116,4,2005
4,South Africa,112,4,2005
5,Pakistan,112,4,2005
6,England,103,4,2005
7,India,97,4,2005
8,West Indies,95,4,2005
9,Zimbabwe,50,4,2005
10,Kenya,26,4,2005
11,Bangladesh,11,4,2005
1,Australia,137,5,2005
2,Sri Lanka,117,5,2005
3,New Zealand,116,5,2005
4,South Africa,112,5,2005
5,Pakistan,112,5,2005
6,England,106,5,2005
7,India,97,5,2005
8,West Indies,95,5,2005
9,Zimbabwe,50,5,2005
10,Kenya,26,5,2005
11,Bangladesh,12,5,2005
1,Australia,136,6,2005
2,Sri Lanka,117,6,2005
3,New Zealand,116,6,2005
4,South Africa,112,6,2005
5,Pakistan,112,6,2005
6,England,108,6,2005
7,India,97,6,2005
8,West Indies,95,6,2005
9,Zimbabwe,50,6,2005
10,Kenya,26,6,2005
11,Bangladesh,12,6,2005
1,Australia,136,7,2005
2,Sri Lanka,122,7,2005
3,New Zealand,118,7,2005
4,Pakistan,116,7,2005
5,South Africa,111,7,2005
6,England,109,7,2005
7,India,95,7,2005
8,West Indies,90,7,2005
9,Zimbabwe,44,7,2005
10,Bangladesh,15,7,2005
1,Australia,136,8,2005
2,Sri Lanka,123,8,2005
3,New Zealand,116,8,2005
4,Pakistan,116,8,2005
5,South Africa,111,8,2005
6,England,109,8,2005
7,India,97,8,2005
8,West Indies,90,8,2005
9,Zimbabwe,44,8,2005
10,Bangladesh,14,8,2005
1,Australia,136,9,2005
2,South Africa,119,9,2005
3,Pakistan,116,9,2005
4,Sri Lanka,113,9,2005
5,New Zealand,110,9,2005
6,England,109,9,2005
7,India,104,9,2005
8,West Indies,90,9,2005
9,Zimbabwe,44,9,2005
10,Bangladesh,14,9,2005
1,Australia,136,10,2005
2,South Africa,118,10,2005
3,Pakistan,116,10,2005
4,India,109,10,2005
5,Sri Lanka,109,10,2005
6,England,109,10,2005
7,New Zealand,108,10,2005
8,West Indies,90,10,2005
9,Zimbabwe,44,10,2005
10,Bangladesh,14,10,2005
1,Australia,135,11,2005
2,South Africa,118,11,2005
3,Pakistan,116,11,2005
4,New Zealand,111,11,2005
5,India,109,11,2005
6,England,108,11,2005
7,Sri Lanka,107,11,2005
8,West Indies,90,11,2005
9,Zimbabwe,44,11,2005
10,Bangladesh,14,11,2005
1,Australia,134,0,2006
2,South Africa,120,0,2006
3,Pakistan,116,0,2006
4,New Zealand,112,0,2006
5,India,109,0,2006
6,England,108,0,2006
7,Sri Lanka,106,0,2006
8,West Indies,90,0,2006
9,Zimbabwe,44,0,2006
1,Australia,133,1,2006
2,South Africa,118,1,2006
3,New Zealand,114,1,2006
4,India,113,1,2006
5,Pakistan,112,1,2006
6,England,108,1,2006
7,Sri Lanka,107,1,2006
8,West Indies,87,1,2006
9,Zimbabwe,41,1,2006
1,Australia,132,2,2006
2,South Africa,119,2,2006
3,India,115,2,2006
4,Pakistan,114,2,2006
5,New Zealand,113,2,2006
6,England,105,2,2006
7,Sri Lanka,105,2,2006
8,West Indies,89,2,2006
9,Zimbabwe,42,2,2006
10,Bangladesh,24,2,2006
1,Australia,132,3,2006
2,South Africa,119,3,2006
3,Pakistan,114,3,2006
4,New Zealand,113,3,2006
5,India,111,3,2006
6,Sri Lanka,105,3,2006
7,England,103,3,2006
8,West Indies,98,3,2006
9,Zimbabwe,40,3,2006
10,Bangladesh,23,3,2006
1,Australia,132,4,2006
2,South Africa,119,4,2006
3,Pakistan,114,4,2006
4,New Zealand,113,4,2006
5,India,111,4,2006
6,Sri Lanka,108,4,2006
7,England,98,4,2006
8,West Indies,98,4,2006
9,Zimbabwe,40,4,2006
10,Bangladesh,23,4,2006
1,Australia,131,5,2006
2,South Africa,123,5,2006
3,Pakistan,115,5,2006
4,India,113,5,2006
5,New Zealand,111,5,2006
6,Sri Lanka,107,5,2006
7,West Indies,99,5,2006
8,England,96,5,2006
9,Zimbabwe,33,5,2006
10,Bangladesh,31,5,2006
1,Australia,131,6,2006
2,South Africa,123,6,2006
3,Pakistan,115,6,2006
4,India,113,6,2006
5,New Zealand,111,6,2006
6,Sri Lanka,107,6,2006
7,West Indies,99,6,2006
8,England,96,6,2006
9,Zimbabwe,35,6,2006
10,Bangladesh,33,6,2006
1,Australia,131,7,2006
2,South Africa,124,7,2006
3,Pakistan,111,7,2006
4,New Zealand,111,7,2006
5,India,111,7,2006
6,Sri Lanka,107,7,2006
7,West Indies,102,7,2006
8,England,99,7,2006
9,Zimbabwe,33,7,2006
10,Bangladesh,33,7,2006
1,Australia,129,8,2006
2,South Africa,124,8,2006
3,New Zealand,114,8,2006
4,Pakistan,110,8,2006
5,India,110,8,2006
6,Sri Lanka,108,8,2006
7,West Indies,104,8,2006
8,England,99,8,2006
9,Bangladesh,34,8,2006
10,Zimbabwe,30,8,2006
1,Australia,131,9,2006
2,South Africa,125,9,2006
3,New Zealand,113,9,2006
4,Pakistan,110,9,2006
5,Sri Lanka,108,9,2006
6,India,107,9,2006
7,West Indies,106,9,2006
8,England,99,9,2006
9,Bangladesh,35,9,2006
10,Zimbabwe,29,9,2006
1,Australia,131,10,2006
2,South Africa,126,10,2006
3,Pakistan,112,10,2006
4,New Zealand,112,10,2006
5,Sri Lanka,109,10,2006
6,India,106,10,2006
7,West Indies,104,10,2006
8,England,99,10,2006
9,Bangladesh,41,10,2006
10,Zimbabwe,23,10,2006
1,Australia,135,0,2007
2,South Africa,126,0,2007
3,Pakistan,112,0,2007
4,New Zealand,110,0,2007
5,Sri Lanka,109,0,2007
6,India,108,0,2007
7,West Indies,101,0,2007
8,England,97,0,2007
9,Bangladesh,41,0,2007
10,Zimbabwe,23,0,2007
1,South Africa,128,1,2007
2,Australia,125,1,2007
3,New Zealand,113,1,2007
4,Pakistan,111,1,2007
5,India,109,1,2007
6,Sri Lanka,108,1,2007
7,England,106,1,2007
8,West Indies,101,1,2007
9,Bangladesh,42,1,2007
10,Zimbabwe,22,1,2007
1,Australia,127,2,2007
2,South Africa,127,2,2007
3,New Zealand,114,2,2007
4,Pakistan,110,2,2007
5,Sri Lanka,108,2,2007
6,India,106,2,2007
7,England,105,2,2007
8,West Indies,103,2,2007
9,Bangladesh,44,2,2007
10,Zimbabwe,22,2,2007
1,Australia,130,3,2007
2,South Africa,124,3,2007
3,New Zealand,113,3,2007
4,Sri Lanka,111,3,2007
5,Pakistan,110,3,2007
6,India,106,3,2007
7,England,104,3,2007
8,West Indies,99,3,2007
9,Bangladesh,45,3,2007
10,Ireland,29,3,2007
11,Zimbabwe,22,3,2007
1,Australia,130,4,2007
2,South Africa,124,4,2007
3,New Zealand,113,4,2007
4,Pakistan,111,4,2007
5,Sri Lanka,110,4,2007
6,India,107,4,2007
7,England,104,4,2007
8,West Indies,99,4,2007
9,Bangladesh,45,4,2007
10,Ireland,29,4,2007
11,Zimbabwe,22,4,2007
1,Australia,130,5,2007
2,South Africa,123,5,2007
3,New Zealand,113,5,2007
4,Pakistan,111,5,2007
5,Sri Lanka,110,5,2007
6,India,108,5,2007
7,England,104,5,2007
8,West Indies,99,5,2007
9,Bangladesh,45,5,2007
10,Ireland,27,5,2007
11,Zimbabwe,22,5,2007
1,Australia,130,6,2007
2,South Africa,122,6,2007
3,New Zealand,113,6,2007
4,Pakistan,111,6,2007
5,Sri Lanka,111,6,2007
6,India,109,6,2007
7,England,102,6,2007
8,West Indies,101,6,2007
9,Bangladesh,44,6,2007
10,Ireland,27,6,2007
11,Zimbabwe,22,6,2007
1,Australia,129,7,2007
2,South Africa,124,7,2007
3,New Zealand,114,7,2007
4,Sri Lanka,111,7,2007
5,Pakistan,108,7,2007
6,India,107,7,2007
7,England,106,7,2007
8,West Indies,102,7,2007
9,Bangladesh,48,7,2007
10,Ireland,28,7,2007
11,Zimbabwe,17,7,2007
1,Australia,129,8,2007
2,South Africa,124,8,2007
3,New Zealand,114,8,2007
4,Sri Lanka,111,8,2007
5,Pakistan,108,8,2007
6,India,108,8,2007
7,England,105,8,2007
8,West Indies,102,8,2007
9,Bangladesh,48,8,2007
10,Ireland,28,8,2007
11,Zimbabwe,17,8,2007
1,Australia,128,9,2007
2,South Africa,123,9,2007
3,New Zealand,114,9,2007
4,Pakistan,109,9,2007
5,India,109,9,2007
6,Sri Lanka,108,9,2007
7,England,107,9,2007
8,West Indies,102,9,2007
9,Bangladesh,48,9,2007
10,Ireland,28,9,2007
11,Zimbabwe,17,9,2007
1,Australia,128,10,2007
2,South Africa,124,10,2007
3,New Zealand,112,10,2007
4,Pakistan,110,10,2007
5,India,108,10,2007
6,Sri Lanka,107,10,2007
7,England,107,10,2007
8,West Indies,99,10,2007
9,Bangladesh,48,10,2007
10,Ireland,28,10,2007
11,Zimbabwe,21,10,2007
1,Australia,130,11,2007
2,South Africa,124,11,2007
3,New Zealand,112,11,2007
4,India,110,11,2007
5,Sri Lanka,108,11,2007
6,Pakistan,107,11,2007
7,England,107,11,2007
8,West Indies,100,11,2007
9,Bangladesh,47,11,2007
10,Ireland,28,11,2007
11,Zimbabwe,20,11,2007
1,Australia,130,0,2008
2,South Africa,126,0,2008
3,New Zealand,112,0,2008
4,India,110,0,2008
5,Pakistan,109,0,2008
6,Sri Lanka,108,0,2008
7,England,107,0,2008
8,West Indies,98,0,2008
9,Bangladesh,47,0,2008
10,Ireland,28,0,2008
11,Zimbabwe,18,0,2008
1,Australia,130,1,2008
2,South Africa,127,1,2008
3,New Zealand,113,1,2008
4,India,111,1,2008
5,Pakistan,109,1,2008
6,Sri Lanka,107,1,2008
7,England,105,1,2008
8,West Indies,96,1,2008
9,Bangladesh,47,1,2008
10,Ireland,28,1,2008
11,Zimbabwe,18,1,2008
1,South Africa,127,2,2008
2,Australia,127,2,2008
3,New Zealand,113,2,2008
4,India,113,2,2008
5,Pakistan,109,2,2008
6,Sri Lanka,107,2,2008
7,England,105,2,2008
8,West Indies,96,2,2008
9,Bangladesh,48,2,2008
10,Ireland,20,2,2008
11,Zimbabwe,18,2,2008
1,South Africa,127,3,2008
2,Australia,127,3,2008
3,New Zealand,113,3,2008
4,India,113,3,2008
5,Pakistan,110,3,2008
6,England,105,3,2008
7,Sri Lanka,105,3,2008
8,West Indies,99,3,2008
9,Bangladesh,47,3,2008
10,Ireland,20,3,2008
11,Zimbabwe,18,3,2008
1,Australia,129,4,2008
2,South Africa,127,4,2008
3,New Zealand,115,4,2008
4,India,114,4,2008
5,Pakistan,108,4,2008
6,Sri Lanka,106,4,2008
7,England,103,4,2008
8,West Indies,98,4,2008
9,Bangladesh,46,4,2008
10,Ireland,20,4,2008
11,Zimbabwe,18,4,2008
1,Australia,129,5,2008
2,South Africa,127,5,2008
3,New Zealand,115,5,2008
4,India,113,5,2008
5,Pakistan,110,5,2008
6,Sri Lanka,106,5,2008
7,England,103,5,2008
8,West Indies,97,5,2008
9,Bangladesh,45,5,2008
10,Ireland,19,5,2008
11,Zimbabwe,18,5,2008
1,Australia,130,6,2008
2,South Africa,118,6,2008
3,England,116,6,2008
4,New Zealand,116,6,2008
5,India,113,6,2008
6,Pakistan,110,6,2008
7,Sri Lanka,105,6,2008
8,West Indies,95,6,2008
9,Bangladesh,46,6,2008
10,Ireland,22,6,2008
11,Zimbabwe,16,6,2008
1,Australia,131,7,2008
2,South Africa,118,7,2008
3,England,116,7,2008
4,New Zealand,116,7,2008
5,India,113,7,2008
6,Pakistan,110,7,2008
7,Sri Lanka,105,7,2008
8,West Indies,95,7,2008
9,Bangladesh,45,7,2008
10,Ireland,22,7,2008
11,Zimbabwe,16,7,2008
1,Australia,131,8,2008
2,South Africa,118,8,2008
3,England,116,8,2008
4,New Zealand,113,8,2008
5,India,113,8,2008
6,Pakistan,110,8,2008
7,Sri Lanka,105,8,2008
8,West Indies,95,8,2008
9,Bangladesh,47,8,2008
10,Ireland,19,8,2008
11,Zimbabwe,15,8,2008
1,Australia,131,9,2008
2,South Africa,119,9,2008
3,India,119,9,2008
4,Pakistan,114,9,2008
5,New Zealand,113,9,2008
6,England,108,9,2008
7,Sri Lanka,107,9,2008
8,West Indies,91,9,2008
9,Bangladesh,47,9,2008
10,Ireland,19,9,2008
11,Zimbabwe,13,9,2008
1,South Africa,125,0,2009
2,Australia,125,0,2009
3,India,120,0,2009
4,New Zealand,113,0,2009
5,Pakistan,111,0,2009
6,England,108,0,2009
7,Sri Lanka,105,0,2009
8,West Indies,91,0,2009
9,Bangladesh,46,0,2009
10,Zimbabwe,21,0,2009
11,Ireland,19,0,2009
12,Kenya,0,0,2009
1,South Africa,125,1,2009
2,Australia,124,1,2009
3,India,120,1,2009
4,New Zealand,114,1,2009
5,Pakistan,111,1,2009
6,England,108,1,2009
7,Sri Lanka,105,1,2009
8,West Indies,91,1,2009
9,Bangladesh,46,1,2009
10,Zimbabwe,23,1,2009
11,Ireland,19,1,2009
12,Kenya,0,1,2009
1,South Africa,125,2,2009
2,Australia,124,2,2009
3,India,122,2,2009
4,New Zealand,112,2,2009
5,Pakistan,111,2,2009
6,England,107,2,2009
7,Sri Lanka,105,2,2009
8,West Indies,93,2,2009
9,Bangladesh,46,2,2009
10,Zimbabwe,23,2,2009
11,Ireland,19,2,2009
12,Kenya,0,2,2009
1,South Africa,126,3,2009
2,Australia,123,3,2009
3,India,122,3,2009
4,New Zealand,112,3,2009
5,Pakistan,111,3,2009
6,England,108,3,2009
7,Sri Lanka,105,3,2009
8,West Indies,92,3,2009
9,Bangladesh,46,3,2009
10,Zimbabwe,23,3,2009
11,Ireland,19,3,2009
12,Kenya,0,3,2009
1,South Africa,126,4,2009
2,Australia,122,4,2009
3,India,122,4,2009
4,New Zealand,112,4,2009
5,Pakistan,111,4,2009
6,England,109,4,2009
7,Sri Lanka,105,4,2009
8,West Indies,90,4,2009
9,Bangladesh,46,4,2009
10,Zimbabwe,23,4,2009
11,Ireland,19,4,2009
12,Kenya,0,4,2009
1,South Africa,127,5,2009
2,India,126,5,2009
3,Australia,119,5,2009
4,England,111,5,2009
5,New Zealand,110,5,2009
6,Pakistan,107,5,2009
7,Sri Lanka,106,5,2009
8,West Indies,78,5,2009
9,Bangladesh,54,5,2009
10,Ireland,27,5,2009
11,Zimbabwe,26,5,2009
12,Kenya,0,5,2009
1,South Africa,127,6,2009
2,India,126,6,2009
3,Australia,119,6,2009
4,England,111,6,2009
5,New Zealand,110,6,2009
6,Pakistan,109,6,2009
7,Sri Lanka,104,6,2009
8,West Indies,78,6,2009
9,Bangladesh,55,6,2009
10,Ireland,27,6,2009
11,Zimbabwe,26,6,2009
12,Kenya,0,6,2009
1,Australia,128,7,2009
2,India,124,7,2009
3,South Africa,121,7,2009
4,New Zealand,110,7,2009
5,Pakistan,109,7,2009
6,England,106,7,2009
7,Sri Lanka,106,7,2009
8,West Indies,76,7,2009
9,Bangladesh,55,7,2009
10,Zimbabwe,26,7,2009
11,Ireland,25,7,2009
12,Kenya,0,7,2009
1,Australia,127,8,2009
2,India,126,8,2009
3,South Africa,121,8,2009
4,New Zealand,110,8,2009
5,Pakistan,109,8,2009
6,England,106,8,2009
7,Sri Lanka,106,8,2009
8,West Indies,76,8,2009
9,Bangladesh,54,8,2009
10,Zimbabwe,28,8,2009
11,Ireland,25,8,2009
12,Kenya,2,8,2009
1,Australia,130,9,2009
2,India,122,9,2009
3,South Africa,119,9,2009
4,New Zealand,112,9,2009
5,England,109,9,2009
6,Pakistan,108,9,2009
7,Sri Lanka,106,9,2009
8,West Indies,76,9,2009
9,Bangladesh,55,9,2009
10,Zimbabwe,26,9,2009
11,Ireland,25,9,2009
12,Kenya,2,9,2009
1,Australia,130,10,2009
2,India,123,10,2009
3,South Africa,119,10,2009
4,New Zealand,112,10,2009
5,England,109,10,2009
6,Pakistan,108,10,2009
7,Sri Lanka,105,10,2009
8,West Indies,76,10,2009
9,Bangladesh,55,10,2009
10,Zimbabwe,26,10,2009
11,Ireland,25,10,2009
12,Kenya,2,10,2009
1,Australia,133,0,2010
2,India,121,0,2010
3,South Africa,119,0,2010
4,New Zealand,112,0,2010
5,England,109,0,2010
6,Sri Lanka,108,0,2010
7,Pakistan,104,0,2010
8,West Indies,76,0,2010
9,Bangladesh,55,0,2010
10,Zimbabwe,26,0,2010
11,Ireland,25,0,2010
12,Kenya,2,0,2010
1,Australia,134,1,2010
2,India,122,1,2010
3,South Africa,117,1,2010
4,New Zealand,113,1,2010
5,England,109,1,2010
6,Sri Lanka,108,1,2010
7,Pakistan,104,1,2010
8,West Indies,74,1,2010
9,Bangladesh,53,1,2010
10,Zimbabwe,26,1,2010
11,Ireland,25,1,2010
12,Kenya,2,1,2010
1,Australia,133,2,2010
2,India,122,2,2010
3,South Africa,117,2,2010
4,New Zealand,114,2,2010
5,England,110,2,2010
6,Sri Lanka,108,2,2010
7,Pakistan,104,2,2010
8,West Indies,72,2,2010
9,Bangladesh,52,2,2010
10,Zimbabwe,27,2,2010
11,Ireland,25,2,2010
12,Kenya,2,2,2010
13,Netherlands,0,2,2010
1,Australia,134,3,2010
2,India,122,3,2010
3,South Africa,117,3,2010
4,New Zealand,114,3,2010
5,England,110,3,2010
6,Sri Lanka,108,3,2010
7,Pakistan,104,3,2010
8,West Indies,72,3,2010
9,Bangladesh,52,3,2010
10,Zimbabwe,27,3,2010
11,Ireland,24,3,2010
12,Kenya,2,3,2010
13,Netherlands,0,3,2010
1,Australia,133,4,2010
2,India,121,4,2010
3,South Africa,119,4,2010
4,New Zealand,114,4,2010
5,England,110,4,2010
6,Sri Lanka,108,4,2010
7,Pakistan,104,4,2010
8,West Indies,71,4,2010
9,Bangladesh,52,4,2010
10,Zimbabwe,29,4,2010
11,Ireland,24,4,2010
12,Kenya,2,4,2010
13,Netherlands,0,4,2010
1,Australia,130,5,2010
2,South Africa,119,5,2010
3,India,119,5,2010
4,England,115,5,2010
5,New Zealand,114,5,2010
6,Sri Lanka,109,5,2010
7,Pakistan,102,5,2010
8,West Indies,71,5,2010
9,Bangladesh,52,5,2010
10,Zimbabwe,34,5,2010
11,Ireland,23,5,2010
12,Kenya,2,5,2010
13,Netherlands,0,5,2010
1,Australia,132,6,2010
2,India,118,6,2010
3,South Africa,115,6,2010
4,New Zealand,114,6,2010
5,England,113,6,2010
6,Sri Lanka,111,6,2010
7,Pakistan,98,6,2010
8,West Indies,67,6,2010
9,Bangladesh,53,6,2010
10,Zimbabwe,36,6,2010
11,Ireland,35,6,2010
12,Netherlands,32,6,2010
13,Kenya,0,6,2010
1,Australia,132,7,2010
2,India,115,7,2010
3,Sri Lanka,115,7,2010
4,South Africa,115,7,2010
5,England,113,7,2010
6,New Zealand,112,7,2010
7,Pakistan,98,7,2010
8,West Indies,67,7,2010
9,Bangladesh,53,7,2010
10,Ireland,45,7,2010
11,Zimbabwe,36,7,2010
12,Netherlands,17,7,2010
13,Kenya,0,7,2010
1,Australia,132,8,2010
2,India,115,8,2010
3,Sri Lanka,115,8,2010
4,South Africa,115,8,2010
5,England,112,8,2010
6,New Zealand,112,8,2010
7,Pakistan,99,8,2010
8,West Indies,67,8,2010
9,Bangladesh,53,8,2010
10,Ireland,39,8,2010
11,Zimbabwe,38,8,2010
12,Netherlands,17,8,2010
13,Kenya,0,8,2010
1,Australia,130,9,2010
2,India,117,9,2010
3,Sri Lanka,115,9,2010
4,South Africa,115,9,2010
5,England,112,9,2010
6,Pakistan,100,9,2010
7,New Zealand,96,9,2010
8,West Indies,67,9,2010
9,Bangladesh,67,9,2010
10,Ireland,39,9,2010
11,Zimbabwe,37,9,2010
12,Netherlands,17,9,2010
13,Kenya,0,9,2010
1,Australia,128,10,2010
2,India,118,10,2010
3,Sri Lanka,118,10,2010
4,South Africa,115,10,2010
5,England,112,10,2010
6,Pakistan,100,10,2010
7,New Zealand,95,10,2010
8,West Indies,67,10,2010
9,Bangladesh,67,10,2010
10,Ireland,39,10,2010
11,Zimbabwe,37,10,2010
12,Netherlands,17,10,2010
13,Kenya,0,10,2010
1,Australia,128,11,2010
2,India,121,11,2010
3,Sri Lanka,118,11,2010
4,South Africa,115,11,2010
5,England,112,11,2010
6,Pakistan,100,11,2010
7,New Zealand,91,11,2010
8,West Indies,67,11,2010
9,Bangladesh,66,11,2010
10,Ireland,39,11,2010
11,Zimbabwe,37,11,2010
12,Netherlands,17,11,2010
13,Kenya,0,11,2010
1,Australia,129,0,2011
2,India,119,0,2011
3,Sri Lanka,118,0,2011
4,South Africa,118,0,2011
5,England,110,0,2011
6,Pakistan,100,0,2011
7,New Zealand,92,0,2011
8,West Indies,67,0,2011
9,Bangladesh,66,0,2011
10,Ireland,39,0,2011
11,Zimbabwe,37,0,2011
12,Netherlands,17,0,2011
13,Kenya,0,0,2011
1,Australia,131,1,2011
2,India,119,1,2011
3,South Africa,118,1,2011
4,Sri Lanka,117,1,2011
5,England,109,1,2011
6,Pakistan,103,1,2011
7,New Zealand,91,1,2011
8,Bangladesh,67,1,2011
9,West Indies,66,1,2011
10,Zimbabwe,37,1,2011
11,Ireland,37,1,2011
12,Netherlands,15,1,2011
13,Kenya,0,1,2011
1,Australia,128,2,2011
2,India,120,2,2011
3,Sri Lanka,119,2,2011
4,South Africa,116,2,2011
5,England,105,2,2011
6,Pakistan,103,2,2011
7,New Zealand,94,2,2011
8,West Indies,68,2,2011
9,Bangladesh,68,2,2011
10,Ireland,42,2,2011
11,Zimbabwe,37,2,2011
12,Netherlands,10,2,2011
13,Kenya,0,2,2011
1,Australia,129,3,2011
2,India,121,3,2011
3,Sri Lanka,118,3,2011
4,South Africa,116,3,2011
5,England,105,3,2011
6,Pakistan,104,3,2011
7,New Zealand,94,3,2011
8,Bangladesh,67,3,2011
9,West Indies,66,3,2011
10,Ireland,42,3,2011
11,Zimbabwe,37,3,2011
12,Netherlands,10,3,2011
13,Kenya,0,3,2011
1,Australia,129,4,2011
2,India,121,4,2011
3,Sri Lanka,118,4,2011
4,South Africa,116,4,2011
5,England,105,4,2011
6,Pakistan,100,4,2011
7,New Zealand,94,4,2011
8,West Indies,72,4,2011
9,Bangladesh,67,4,2011
10,Ireland,41,4,2011
11,Zimbabwe,37,4,2011
12,Netherlands,10,4,2011
13,Kenya,0,4,2011
1,Australia,129,5,2011
2,India,119,5,2011
3,Sri Lanka,117,5,2011
4,South Africa,116,5,2011
5,England,107,5,2011
6,Pakistan,100,5,2011
7,New Zealand,94,5,2011
8,West Indies,76,5,2011
9,Bangladesh,67,5,2011
10,Ireland,41,5,2011
11,Zimbabwe,37,5,2011
12,Netherlands,10,5,2011
13,Kenya,0,5,2011
1,Australia,129,6,2011
2,India,119,6,2011
3,South Africa,116,6,2011
4,Sri Lanka,116,6,2011
5,England,108,6,2011
6,Pakistan,100,6,2011
7,New Zealand,94,6,2011
8,West Indies,76,6,2011
9,Bangladesh,67,6,2011
10,Ireland,41,6,2011
11,Zimbabwe,37,6,2011
12,Netherlands,10,6,2011
13,Kenya,0,6,2011
1,Australia,130,7,2011
2,Sri Lanka,119,7,2011
3,India,117,7,2011
4,South Africa,116,7,2011
5,England,107,7,2011
6,Pakistan,100,7,2011
7,New Zealand,90,7,2011
8,West Indies,78,7,2011
9,Bangladesh,63,7,2011
10,Zimbabwe,46,7,2011
11,Ireland,41,7,2011
12,Netherlands,5,7,2011
13,Kenya,0,7,2011
1,Australia,130,8,2011
2,Sri Lanka,119,8,2011
3,South Africa,116,8,2011
4,England,113,8,2011
5,India,112,8,2011
6,Pakistan,101,8,2011
7,New Zealand,90,8,2011
8,West Indies,78,8,2011
9,Bangladesh,63,8,2011
10,Zimbabwe,44,8,2011
11,Ireland,41,8,2011
12,Netherlands,15,8,2011
13,Kenya,0,8,2011
1,Australia,130,9,2011
2,Sri Lanka,119,9,2011
3,India,118,9,2011
4,South Africa,115,9,2011
5,England,106,9,2011
6,Pakistan,101,9,2011
7,New Zealand,87,9,2011
8,West Indies,78,9,2011
9,Bangladesh,63,9,2011
10,Zimbabwe,47,9,2011
11,Ireland,41,9,2011
12,Netherlands,15,9,2011
13,Kenya,0,9,2011
1,Australia,130,10,2011
2,India,118,10,2011
3,South Africa,115,10,2011
4,Sri Lanka,112,10,2011
5,Pakistan,108,10,2011
6,England,106,10,2011
7,New Zealand,87,10,2011
8,West Indies,77,10,2011
9,Bangladesh,63,10,2011
10,Zimbabwe,47,10,2011
11,Ireland,41,10,2011
12,Netherlands,15,10,2011
13,Kenya,0,10,2011
1,Australia,130,11,2011
2,India,117,11,2011
3,South Africa,115,11,2011
4,Sri Lanka,112,11,2011
5,Pakistan,109,11,2011
6,England,106,11,2011
7,New Zealand,87,11,2011
8,West Indies,79,11,2011
9,Bangladesh,62,11,2011
10,Zimbabwe,47,11,2011
11,Ireland,41,11,2011
12,Netherlands,15,11,2011
13,Kenya,0,11,2011
1,Australia,130,0,2012
2,India,117,0,2012
3,South Africa,116,0,2012
4,Sri Lanka,111,0,2012
5,Pakistan,109,0,2012
6,England,106,0,2012
7,New Zealand,87,0,2012
8,West Indies,79,0,2012
9,Bangladesh,62,0,2012
10,Zimbabwe,47,0,2012
11,Ireland,41,0,2012
12,Netherlands,15,0,2012
13,Kenya,0,0,2012
1,Australia,129,1,2012
2,South Africa,118,1,2012
3,India,117,1,2012
4,Sri Lanka,113,1,2012
5,England,111,1,2012
6,Pakistan,104,1,2012
7,New Zealand,87,1,2012
8,West Indies,79,1,2012
9,Bangladesh,62,1,2012
10,Zimbabwe,46,1,2012
11,Ireland,36,1,2012
12,Netherlands,15,1,2012
13,Kenya,8,1,2012
1,Australia,123,2,2012
2,South Africa,118,2,2012
3,India,117,2,2012
4,England,111,2,2012
5,Sri Lanka,110,2,2012
6,Pakistan,105,2,2012
7,New Zealand,86,2,2012
8,West Indies,86,2,2012
9,Bangladesh,67,2,2012
10,Zimbabwe,46,2,2012
11,Ireland,36,2,2012
12,Netherlands,15,2,2012
13,Kenya,8,2,2012
1,Australia,123,3,2012
2,South Africa,118,3,2012
3,India,117,3,2012
4,England,111,3,2012
5,Sri Lanka,110,3,2012
6,Pakistan,105,3,2012
7,New Zealand,86,3,2012
8,West Indies,86,3,2012
9,Bangladesh,67,3,2012
10,Zimbabwe,46,3,2012
11,Ireland,36,3,2012
12,Netherlands,15,3,2012
13,Kenya,8,3,2012
1,Australia,123,4,2012
2,South Africa,118,4,2012
3,India,117,4,2012
4,England,111,4,2012
5,Sri Lanka,110,4,2012
6,Pakistan,105,4,2012
7,New Zealand,86,4,2012
8,West Indies,86,4,2012
9,Bangladesh,67,4,2012
10,Zimbabwe,46,4,2012
11,Ireland,36,4,2012
12,Netherlands,15,4,2012
13,Kenya,8,4,2012
1,Australia,123,5,2012
2,South Africa,118,5,2012
3,India,117,5,2012
4,England,112,5,2012
5,Sri Lanka,112,5,2012
6,Pakistan,103,5,2012
7,New Zealand,86,5,2012
8,West Indies,85,5,2012
9,Bangladesh,67,5,2012
10,Zimbabwe,46,5,2012
11,Ireland,36,5,2012
12,Netherlands,15,5,2012
13,Kenya,8,5,2012
1,Australia,119,6,2012
2,South Africa,118,6,2012
3,India,118,6,2012
4,England,118,6,2012
5,Sri Lanka,111,6,2012
6,Pakistan,103,6,2012
7,West Indies,88,6,2012
8,New Zealand,82,6,2012
9,Bangladesh,67,6,2012
10,Zimbabwe,46,6,2012
11,Ireland,36,6,2012
12,Netherlands,15,6,2012
13,Kenya,8,6,2012
1,England,121,7,2012
2,South Africa,120,7,2012
3,India,120,7,2012
4,Australia,114,7,2012
5,Sri Lanka,108,7,2012
6,Pakistan,103,7,2012
7,West Indies,94,7,2012
8,New Zealand,74,7,2012
9,Bangladesh,71,7,2012
10,Zimbabwe,50,7,2012
11,Ireland,35,7,2012
12,Netherlands,16,7,2012
13,Kenya,11,7,2012
1,England,121,8,2012
2,South Africa,121,8,2012
3,India,120,8,2012
4,Australia,113,8,2012
5,Sri Lanka,108,8,2012
6,Pakistan,104,8,2012
7,West Indies,94,8,2012
8,New Zealand,74,8,2012
9,Bangladesh,71,8,2012
10,Zimbabwe,50,8,2012
11,Ireland,35,8,2012
12,Netherlands,16,8,2012
13,Kenya,11,8,2012
1,England,121,9,2012
2,South Africa,121,9,2012
3,India,120,9,2012
4,Australia,113,9,2012
5,Sri Lanka,108,9,2012
6,Pakistan,104,9,2012
7,West Indies,94,9,2012
8,New Zealand,74,9,2012
9,Bangladesh,71,9,2012
10,Zimbabwe,50,9,2012
11,Ireland,35,9,2012
12,Netherlands,16,9,2012
13,Kenya,11,9,2012
1,England,121,10,2012
2,South Africa,121,10,2012
3,India,120,10,2012
4,Australia,113,10,2012
5,Sri Lanka,109,10,2012
6,Pakistan,104,10,2012
7,West Indies,90,10,2012
8,Bangladesh,75,10,2012
9,New Zealand,72,10,2012
10,Zimbabwe,50,10,2012
11,Ireland,35,10,2012
12,Netherlands,16,10,2012
13,Kenya,11,10,2012
1,England,121,11,2012
2,South Africa,121,11,2012
3,India,118,11,2012
4,Australia,113,11,2012
5,Sri Lanka,110,11,2012
6,Pakistan,106,11,2012
7,West Indies,88,11,2012
8,Bangladesh,78,11,2012
9,New Zealand,72,11,2012
10,Zimbabwe,50,11,2012
11,Ireland,35,11,2012
12,Netherlands,16,11,2012
13,Kenya,11,11,2012
1,India,119,0,2013
2,England,119,0,2013
3,Australia,113,0,2013
4,South Africa,112,0,2013
5,Sri Lanka,110,0,2013
6,Pakistan,107,0,2013
7,West Indies,88,0,2013
8,New Zealand,79,0,2013
9,Bangladesh,78,0,2013
10,Zimbabwe,50,0,2013
11,Ireland,35,0,2013
12,Netherlands,16,0,2013
13,Kenya,11,0,2013
1,India,119,1,2013
2,England,117,1,2013
3,Australia,116,1,2013
4,South Africa,112,1,2013
5,Sri Lanka,110,1,2013
6,Pakistan,107,1,2013
7,West Indies,86,1,2013
8,New Zealand,82,1,2013
9,Bangladesh,78,1,2013
10,Zimbabwe,47,1,2013
11,Ireland,35,1,2013
12,Netherlands,16,1,2013
13,Kenya,11,1,2013
1,India,119,2,2013
2,England,117,2,2013
3,Australia,116,2,2013
4,South Africa,114,2,2013
5,Sri Lanka,110,2,2013
6,Pakistan,106,2,2013
7,West Indies,86,2,2013
8,New Zealand,82,2,2013
9,Bangladesh,78,2,2013
10,Zimbabwe,47,2,2013
11,Ireland,35,2,2013
12,Netherlands,16,2,2013
13,Kenya,11,2,2013
